-- phpMyAdmin SQL Dump
-- version 3.2.4
-- http://www.phpmyadmin.net
--
-- Servidor: localhost
-- Tempo de Geração: Jun 07, 2014 as 07:12 
-- Versão do Servidor: 5.1.41
-- Versão do PHP: 5.3.1

SET SQL_MODE="NO_AUTO_VALUE_ON_ZERO";


/*!40101 SET @OLD_CHARACTER_SET_CLIENT=@@CHARACTER_SET_CLIENT */;
/*!40101 SET @OLD_CHARACTER_SET_RESULTS=@@CHARACTER_SET_RESULTS */;
/*!40101 SET @OLD_COLLATION_CONNECTION=@@COLLATION_CONNECTION */;
/*!40101 SET NAMES utf8 */;

use crudext;
--
-- Banco de Dados: `crudext`
--

-- --------------------------------------------------------

--
-- Estrutura da tabela `evento`
--

CREATE TABLE IF NOT EXISTS `evento` (
  `id` int(11) NOT NULL AUTO_INCREMENT,
  `nome` varchar(64) NOT NULL,
  `data_evento` date NOT NULL,
  `data_cadastro` date NOT NULL,
  PRIMARY KEY (`id`)
) ENGINE=MyISAM  DEFAULT CHARSET=latin1 AUTO_INCREMENT=3 ;

--
-- Extraindo dados da tabela `evento`
--

INSERT INTO `evento` (`id`, `nome`, `data_evento`, `data_cadastro`) VALUES
(1, 'Hudson 22', '2014-06-13', '2014-06-07'),
(2, 'teste', '2014-06-07', '2014-06-07');

-- --------------------------------------------------------

--
-- Estrutura da tabela `ingresso`
--

CREATE TABLE IF NOT EXISTS `ingresso` (
  `id` int(11) NOT NULL AUTO_INCREMENT,
  `id_lote` int(11) NOT NULL,
  `status` int(11) NOT NULL,
  `codigo` varchar(64) NOT NULL,
  `duplicado` int(11) DEFAULT '0',
  `cortesia` int(11) NOT NULL DEFAULT '0',
  `data_cadastro` date NOT NULL,
  PRIMARY KEY (`id`),
  KEY `codigo` (`codigo`)
) ENGINE=MyISAM  DEFAULT CHARSET=latin1 AUTO_INCREMENT=2572 ;

--
-- Extraindo dados da tabela `ingresso`
--

INSERT INTO `ingresso` (`id`, `id_lote`, `status`, `codigo`, `duplicado`, `cortesia`, `data_cadastro`) VALUES
(12, 1, 1, '00872', 0, 0, '2014-06-07'),
(11, 1, 1, '00871', 0, 0, '2014-06-07'),
(13, 1, 1, '00873', 0, 0, '2014-06-07'),
(14, 1, 1, '00874', 0, 0, '2014-06-07'),
(15, 1, 1, '00875', 0, 0, '2014-06-07'),
(16, 1, 1, '00876', 0, 0, '2014-06-07'),
(17, 1, 1, '00877', 0, 0, '2014-06-07'),
(18, 1, 1, '00878', 0, 0, '2014-06-07'),
(19, 1, 1, '00879', 0, 0, '2014-06-07'),
(20, 1, 1, '00880', 0, 0, '2014-06-07'),
(21, 1, 1, '00881', 0, 0, '2014-06-07'),
(22, 1, 1, '00882', 0, 0, '2014-06-07'),
(23, 1, 1, '00883', 0, 0, '2014-06-07'),
(24, 1, 1, '00884', 0, 0, '2014-06-07'),
(25, 1, 1, '00885', 0, 0, '2014-06-07'),
(26, 1, 1, '00886', 0, 0, '2014-06-07'),
(27, 1, 1, '00887', 0, 0, '2014-06-07'),
(28, 1, 1, '00888', 0, 0, '2014-06-07'),
(29, 1, 1, '00889', 0, 0, '2014-06-07'),
(30, 1, 1, '00890', 0, 0, '2014-06-07'),
(31, 1, 1, '00891', 0, 0, '2014-06-07'),
(32, 1, 1, '00892', 0, 0, '2014-06-07'),
(33, 1, 1, '00893', 0, 0, '2014-06-07'),
(34, 1, 1, '00894', 0, 0, '2014-06-07'),
(35, 1, 1, '00895', 0, 0, '2014-06-07'),
(36, 1, 1, '00896', 0, 0, '2014-06-07'),
(37, 1, 1, '00897', 0, 0, '2014-06-07'),
(38, 1, 1, '00898', 0, 0, '2014-06-07'),
(39, 1, 1, '00899', 0, 0, '2014-06-07'),
(40, 1, 1, '00900', 0, 0, '2014-06-07'),
(41, 1, 1, '00901', 0, 0, '2014-06-07'),
(42, 1, 1, '00902', 0, 0, '2014-06-07'),
(43, 1, 1, '00903', 0, 0, '2014-06-07'),
(44, 1, 1, '00904', 0, 0, '2014-06-07'),
(45, 1, 1, '00905', 0, 0, '2014-06-07'),
(46, 1, 1, '00906', 0, 0, '2014-06-07'),
(47, 1, 1, '00907', 0, 0, '2014-06-07'),
(48, 1, 1, '00908', 0, 0, '2014-06-07'),
(49, 1, 1, '00909', 0, 0, '2014-06-07'),
(50, 1, 1, '00910', 0, 0, '2014-06-07'),
(51, 1, 1, '00911', 0, 0, '2014-06-07'),
(52, 1, 1, '00912', 0, 0, '2014-06-07'),
(53, 1, 1, '00913', 0, 0, '2014-06-07'),
(54, 1, 1, '00914', 0, 0, '2014-06-07'),
(55, 1, 1, '00915', 0, 0, '2014-06-07'),
(56, 1, 1, '00916', 0, 0, '2014-06-07'),
(57, 1, 1, '00917', 0, 0, '2014-06-07'),
(58, 1, 1, '00918', 0, 0, '2014-06-07'),
(59, 1, 1, '00919', 0, 0, '2014-06-07'),
(60, 1, 1, '00920', 0, 0, '2014-06-07'),
(61, 1, 1, '00921', 0, 0, '2014-06-07'),
(62, 1, 1, '00922', 0, 0, '2014-06-07'),
(63, 1, 1, '00923', 0, 0, '2014-06-07'),
(64, 1, 1, '00924', 0, 0, '2014-06-07'),
(65, 1, 1, '00925', 0, 0, '2014-06-07'),
(66, 1, 1, '00926', 0, 0, '2014-06-07'),
(67, 1, 1, '00927', 0, 0, '2014-06-07'),
(68, 1, 1, '00928', 0, 0, '2014-06-07'),
(69, 1, 1, '00929', 0, 0, '2014-06-07'),
(70, 1, 1, '00930', 0, 0, '2014-06-07'),
(71, 1, 1, '00931', 0, 0, '2014-06-07'),
(72, 1, 1, '00932', 0, 0, '2014-06-07'),
(73, 1, 1, '00933', 0, 0, '2014-06-07'),
(74, 1, 1, '00934', 0, 0, '2014-06-07'),
(75, 1, 1, '00935', 0, 0, '2014-06-07'),
(76, 1, 1, '00936', 0, 0, '2014-06-07'),
(77, 1, 1, '00937', 0, 0, '2014-06-07'),
(78, 1, 1, '00938', 0, 0, '2014-06-07'),
(79, 1, 1, '00939', 0, 0, '2014-06-07'),
(80, 1, 1, '00940', 0, 0, '2014-06-07'),
(81, 1, 1, '00941', 0, 0, '2014-06-07'),
(82, 1, 1, '00942', 0, 0, '2014-06-07'),
(83, 1, 1, '00943', 0, 0, '2014-06-07'),
(84, 1, 1, '00944', 0, 0, '2014-06-07'),
(85, 1, 1, '00945', 0, 0, '2014-06-07'),
(86, 1, 1, '00946', 0, 0, '2014-06-07'),
(87, 1, 1, '00947', 0, 0, '2014-06-07'),
(88, 1, 1, '00948', 0, 0, '2014-06-07'),
(89, 1, 1, '00949', 0, 0, '2014-06-07'),
(90, 1, 1, '00950', 0, 0, '2014-06-07'),
(91, 1, 1, '00951', 0, 0, '2014-06-07'),
(92, 1, 1, '00952', 0, 0, '2014-06-07'),
(93, 1, 1, '00953', 0, 0, '2014-06-07'),
(94, 1, 1, '00954', 0, 0, '2014-06-07'),
(95, 1, 1, '00955', 0, 0, '2014-06-07'),
(96, 1, 1, '00956', 0, 0, '2014-06-07'),
(97, 1, 1, '00957', 0, 0, '2014-06-07'),
(98, 1, 1, '00958', 0, 0, '2014-06-07'),
(99, 1, 1, '00959', 0, 0, '2014-06-07'),
(100, 1, 1, '00960', 0, 0, '2014-06-07'),
(101, 1, 1, '00961', 0, 0, '2014-06-07'),
(102, 1, 1, '00962', 0, 0, '2014-06-07'),
(103, 1, 1, '00963', 0, 0, '2014-06-07'),
(104, 1, 1, '00964', 0, 0, '2014-06-07'),
(105, 1, 1, '00965', 0, 0, '2014-06-07'),
(106, 1, 1, '00966', 0, 0, '2014-06-07'),
(107, 1, 1, '00967', 0, 0, '2014-06-07'),
(108, 1, 1, '00968', 0, 0, '2014-06-07'),
(109, 1, 1, '00969', 0, 0, '2014-06-07'),
(110, 1, 1, '00970', 0, 0, '2014-06-07'),
(111, 1, 1, '00971', 0, 0, '2014-06-07'),
(112, 2, 1, '01373', 0, 0, '2014-06-07'),
(113, 2, 1, '01374', 0, 0, '2014-06-07'),
(114, 2, 1, '01375', 0, 0, '2014-06-07'),
(115, 2, 1, '01376', 0, 0, '2014-06-07'),
(116, 2, 1, '01377', 0, 0, '2014-06-07'),
(117, 2, 1, '01378', 0, 0, '2014-06-07'),
(118, 2, 1, '01379', 0, 0, '2014-06-07'),
(119, 2, 1, '01380', 0, 0, '2014-06-07'),
(120, 2, 1, '01381', 0, 0, '2014-06-07'),
(121, 2, 1, '01382', 0, 0, '2014-06-07'),
(122, 2, 1, '01383', 0, 0, '2014-06-07'),
(123, 2, 1, '01384', 0, 0, '2014-06-07'),
(124, 2, 1, '01385', 0, 0, '2014-06-07'),
(125, 2, 1, '01386', 0, 0, '2014-06-07'),
(126, 2, 1, '01387', 0, 0, '2014-06-07'),
(127, 2, 1, '01388', 0, 0, '2014-06-07'),
(128, 2, 1, '01389', 0, 0, '2014-06-07'),
(129, 2, 1, '01390', 0, 0, '2014-06-07'),
(130, 2, 1, '01391', 0, 0, '2014-06-07'),
(131, 2, 1, '01392', 0, 0, '2014-06-07'),
(132, 2, 1, '01393', 0, 0, '2014-06-07'),
(133, 2, 1, '01394', 0, 0, '2014-06-07'),
(134, 2, 1, '01395', 0, 0, '2014-06-07'),
(135, 2, 1, '01396', 0, 0, '2014-06-07'),
(136, 2, 1, '01397', 0, 0, '2014-06-07'),
(137, 2, 1, '01398', 0, 0, '2014-06-07'),
(138, 2, 1, '01399', 0, 0, '2014-06-07'),
(139, 2, 1, '01400', 0, 0, '2014-06-07'),
(140, 2, 1, '01401', 0, 0, '2014-06-07'),
(141, 2, 1, '01402', 0, 0, '2014-06-07'),
(142, 2, 1, '01403', 0, 0, '2014-06-07'),
(143, 2, 1, '01404', 0, 0, '2014-06-07'),
(144, 2, 1, '01405', 0, 0, '2014-06-07'),
(145, 2, 1, '01406', 0, 0, '2014-06-07'),
(146, 2, 1, '01407', 0, 0, '2014-06-07'),
(147, 2, 1, '01408', 0, 0, '2014-06-07'),
(148, 2, 1, '01409', 0, 0, '2014-06-07'),
(149, 2, 1, '01410', 0, 0, '2014-06-07'),
(150, 2, 1, '01411', 0, 0, '2014-06-07'),
(151, 2, 1, '01412', 0, 0, '2014-06-07'),
(152, 2, 1, '01413', 0, 0, '2014-06-07'),
(153, 2, 1, '01414', 0, 0, '2014-06-07'),
(154, 2, 1, '01415', 0, 0, '2014-06-07'),
(155, 2, 1, '01416', 0, 0, '2014-06-07'),
(156, 2, 1, '01417', 0, 0, '2014-06-07'),
(157, 2, 1, '01418', 0, 0, '2014-06-07'),
(158, 2, 1, '01419', 0, 0, '2014-06-07'),
(159, 2, 1, '01420', 0, 0, '2014-06-07'),
(160, 2, 1, '01421', 0, 0, '2014-06-07'),
(161, 2, 1, '01422', 0, 0, '2014-06-07'),
(162, 2, 1, '01423', 0, 0, '2014-06-07'),
(163, 2, 1, '01424', 0, 0, '2014-06-07'),
(164, 2, 1, '01425', 0, 0, '2014-06-07'),
(165, 2, 1, '01426', 0, 0, '2014-06-07'),
(166, 2, 1, '01427', 0, 0, '2014-06-07'),
(167, 2, 1, '01428', 0, 0, '2014-06-07'),
(168, 2, 1, '01429', 0, 0, '2014-06-07'),
(169, 2, 1, '01430', 0, 0, '2014-06-07'),
(170, 2, 1, '01431', 0, 0, '2014-06-07'),
(171, 2, 1, '01432', 0, 0, '2014-06-07'),
(172, 2, 1, '01433', 0, 0, '2014-06-07'),
(173, 2, 1, '01434', 0, 0, '2014-06-07'),
(174, 2, 1, '01435', 0, 0, '2014-06-07'),
(175, 2, 1, '01436', 0, 0, '2014-06-07'),
(176, 2, 1, '01437', 0, 0, '2014-06-07'),
(177, 2, 1, '01438', 0, 0, '2014-06-07'),
(178, 2, 1, '01439', 0, 0, '2014-06-07'),
(179, 2, 1, '01440', 0, 0, '2014-06-07'),
(180, 2, 1, '01441', 0, 0, '2014-06-07'),
(181, 2, 1, '01442', 0, 0, '2014-06-07'),
(182, 2, 1, '01443', 0, 0, '2014-06-07'),
(183, 2, 1, '01444', 0, 0, '2014-06-07'),
(184, 2, 1, '01445', 0, 0, '2014-06-07'),
(185, 2, 1, '01446', 0, 0, '2014-06-07'),
(186, 2, 1, '01447', 0, 0, '2014-06-07'),
(187, 2, 1, '01448', 0, 0, '2014-06-07'),
(188, 2, 1, '01449', 0, 0, '2014-06-07'),
(189, 2, 1, '01450', 0, 0, '2014-06-07'),
(190, 2, 1, '01451', 0, 0, '2014-06-07'),
(191, 2, 1, '01452', 0, 0, '2014-06-07'),
(192, 2, 1, '01453', 0, 0, '2014-06-07'),
(193, 2, 1, '01454', 0, 0, '2014-06-07'),
(194, 2, 1, '01455', 0, 0, '2014-06-07'),
(195, 2, 1, '01456', 0, 0, '2014-06-07'),
(196, 2, 1, '01457', 0, 0, '2014-06-07'),
(197, 2, 1, '01458', 0, 0, '2014-06-07'),
(198, 2, 1, '01459', 0, 0, '2014-06-07'),
(199, 2, 1, '01460', 0, 0, '2014-06-07'),
(200, 2, 1, '01461', 0, 0, '2014-06-07'),
(201, 2, 1, '01462', 0, 0, '2014-06-07'),
(202, 2, 1, '01463', 0, 0, '2014-06-07'),
(203, 2, 1, '01464', 0, 0, '2014-06-07'),
(204, 2, 1, '01465', 0, 0, '2014-06-07'),
(205, 2, 1, '01466', 0, 0, '2014-06-07'),
(206, 2, 1, '01467', 0, 0, '2014-06-07'),
(207, 2, 1, '01468', 0, 0, '2014-06-07'),
(208, 2, 1, '01469', 0, 0, '2014-06-07'),
(209, 2, 1, '01470', 0, 0, '2014-06-07'),
(210, 2, 1, '01471', 0, 0, '2014-06-07'),
(211, 2, 1, '01472', 0, 0, '2014-06-07'),
(212, 2, 1, '01473', 0, 0, '2014-06-07'),
(213, 3, 1, '00972', 0, 0, '2014-06-07'),
(214, 3, 1, '00973', 0, 0, '2014-06-07'),
(215, 3, 1, '00974', 0, 0, '2014-06-07'),
(216, 3, 1, '00975', 0, 0, '2014-06-07'),
(217, 3, 1, '00976', 0, 0, '2014-06-07'),
(218, 3, 1, '00977', 0, 0, '2014-06-07'),
(219, 3, 1, '00978', 0, 0, '2014-06-07'),
(220, 3, 1, '00979', 0, 0, '2014-06-07'),
(221, 3, 1, '00980', 0, 0, '2014-06-07'),
(222, 3, 1, '00981', 0, 0, '2014-06-07'),
(223, 3, 1, '00982', 0, 0, '2014-06-07'),
(224, 3, 1, '00983', 0, 0, '2014-06-07'),
(225, 3, 1, '00984', 0, 0, '2014-06-07'),
(226, 3, 1, '00985', 0, 0, '2014-06-07'),
(227, 3, 1, '00986', 0, 0, '2014-06-07'),
(228, 3, 1, '00987', 0, 0, '2014-06-07'),
(229, 3, 1, '00988', 0, 0, '2014-06-07'),
(230, 3, 1, '00989', 0, 0, '2014-06-07'),
(231, 3, 1, '00990', 0, 0, '2014-06-07'),
(232, 3, 1, '00991', 0, 0, '2014-06-07'),
(233, 3, 1, '00992', 0, 0, '2014-06-07'),
(234, 3, 1, '00993', 0, 0, '2014-06-07'),
(235, 3, 1, '00994', 0, 0, '2014-06-07'),
(236, 3, 1, '00995', 0, 0, '2014-06-07'),
(237, 3, 1, '00996', 0, 0, '2014-06-07'),
(238, 3, 1, '00997', 0, 0, '2014-06-07'),
(239, 3, 1, '00998', 0, 0, '2014-06-07'),
(240, 3, 1, '00999', 0, 0, '2014-06-07'),
(241, 3, 1, '01000', 0, 0, '2014-06-07'),
(242, 3, 1, '01001', 0, 0, '2014-06-07'),
(243, 3, 1, '01002', 0, 0, '2014-06-07'),
(244, 3, 1, '01003', 0, 0, '2014-06-07'),
(245, 3, 1, '01004', 0, 0, '2014-06-07'),
(246, 3, 1, '01005', 0, 0, '2014-06-07'),
(247, 3, 1, '01006', 0, 0, '2014-06-07'),
(248, 3, 1, '01007', 0, 0, '2014-06-07'),
(249, 3, 1, '01008', 0, 0, '2014-06-07'),
(250, 3, 1, '01009', 0, 0, '2014-06-07'),
(251, 3, 1, '01010', 0, 0, '2014-06-07'),
(252, 3, 1, '01011', 0, 0, '2014-06-07'),
(253, 3, 1, '01012', 0, 0, '2014-06-07'),
(254, 3, 1, '01013', 0, 0, '2014-06-07'),
(255, 3, 1, '01014', 0, 0, '2014-06-07'),
(256, 3, 1, '01015', 1, 0, '2014-06-07'),
(257, 3, 1, '01016', 0, 0, '2014-06-07'),
(258, 3, 1, '01017', 0, 0, '2014-06-07'),
(259, 3, 1, '01018', 0, 0, '2014-06-07'),
(260, 3, 1, '01019', 0, 0, '2014-06-07'),
(261, 3, 1, '01020', 0, 0, '2014-06-07'),
(262, 3, 1, '01021', 0, 0, '2014-06-07'),
(263, 3, 1, '01022', 0, 0, '2014-06-07'),
(264, 3, 1, '01023', 0, 0, '2014-06-07'),
(265, 3, 1, '01024', 0, 0, '2014-06-07'),
(266, 3, 1, '01025', 0, 0, '2014-06-07'),
(267, 3, 1, '01026', 0, 0, '2014-06-07'),
(268, 3, 1, '01027', 0, 0, '2014-06-07'),
(269, 3, 1, '01028', 0, 0, '2014-06-07'),
(270, 3, 1, '01029', 0, 0, '2014-06-07'),
(271, 3, 1, '01030', 0, 0, '2014-06-07'),
(272, 3, 1, '01031', 0, 0, '2014-06-07'),
(273, 3, 1, '01032', 0, 0, '2014-06-07'),
(274, 3, 1, '01033', 0, 0, '2014-06-07'),
(275, 3, 1, '01034', 0, 0, '2014-06-07'),
(276, 3, 1, '01035', 0, 0, '2014-06-07'),
(277, 3, 1, '01036', 0, 0, '2014-06-07'),
(278, 3, 1, '01037', 0, 0, '2014-06-07'),
(279, 3, 1, '01038', 0, 0, '2014-06-07'),
(280, 3, 1, '01039', 0, 0, '2014-06-07'),
(281, 3, 1, '01040', 0, 0, '2014-06-07'),
(282, 3, 1, '01041', 0, 0, '2014-06-07'),
(283, 3, 1, '01042', 0, 0, '2014-06-07'),
(284, 3, 1, '01043', 0, 0, '2014-06-07'),
(285, 3, 1, '01044', 0, 0, '2014-06-07'),
(286, 3, 1, '01045', 0, 0, '2014-06-07'),
(287, 3, 1, '01046', 0, 0, '2014-06-07'),
(288, 3, 1, '01047', 0, 0, '2014-06-07'),
(289, 3, 1, '01048', 0, 0, '2014-06-07'),
(290, 3, 1, '01049', 0, 0, '2014-06-07'),
(291, 3, 1, '01050', 0, 0, '2014-06-07'),
(292, 3, 1, '01051', 0, 0, '2014-06-07'),
(293, 3, 1, '01052', 0, 0, '2014-06-07'),
(294, 3, 1, '01053', 0, 0, '2014-06-07'),
(295, 3, 1, '01054', 0, 0, '2014-06-07'),
(296, 3, 1, '01055', 0, 0, '2014-06-07'),
(297, 3, 1, '01056', 0, 0, '2014-06-07'),
(298, 3, 1, '01057', 0, 0, '2014-06-07'),
(299, 3, 1, '01058', 0, 0, '2014-06-07'),
(300, 3, 1, '01059', 0, 0, '2014-06-07'),
(301, 3, 1, '01060', 0, 0, '2014-06-07'),
(302, 3, 1, '01061', 0, 0, '2014-06-07'),
(303, 3, 1, '01062', 0, 0, '2014-06-07'),
(304, 3, 1, '01063', 0, 0, '2014-06-07'),
(305, 3, 1, '01064', 0, 0, '2014-06-07'),
(306, 3, 1, '01065', 0, 0, '2014-06-07'),
(307, 3, 1, '01066', 0, 0, '2014-06-07'),
(308, 3, 1, '01067', 0, 0, '2014-06-07'),
(309, 3, 1, '01068', 0, 0, '2014-06-07'),
(310, 3, 1, '01069', 0, 0, '2014-06-07'),
(311, 3, 1, '01070', 0, 0, '2014-06-07'),
(312, 3, 1, '01071', 0, 0, '2014-06-07'),
(313, 3, 1, '01072', 0, 0, '2014-06-07'),
(314, 3, 1, '01073', 0, 0, '2014-06-07'),
(315, 3, 1, '01074', 0, 0, '2014-06-07'),
(316, 3, 1, '01075', 0, 0, '2014-06-07'),
(317, 3, 1, '01076', 0, 0, '2014-06-07'),
(318, 3, 1, '01077', 0, 0, '2014-06-07'),
(319, 3, 1, '01078', 0, 0, '2014-06-07'),
(320, 3, 1, '01079', 0, 0, '2014-06-07'),
(321, 3, 1, '01080', 0, 0, '2014-06-07'),
(322, 3, 1, '01081', 0, 0, '2014-06-07'),
(323, 3, 1, '01082', 0, 0, '2014-06-07'),
(324, 3, 1, '01083', 0, 0, '2014-06-07'),
(325, 3, 1, '01084', 0, 0, '2014-06-07'),
(326, 3, 1, '01085', 0, 0, '2014-06-07'),
(327, 3, 1, '01086', 0, 0, '2014-06-07'),
(328, 3, 1, '01087', 0, 0, '2014-06-07'),
(329, 3, 1, '01088', 0, 0, '2014-06-07'),
(330, 3, 1, '01089', 0, 0, '2014-06-07'),
(331, 3, 1, '01090', 0, 0, '2014-06-07'),
(332, 3, 1, '01091', 0, 0, '2014-06-07'),
(333, 3, 1, '01092', 0, 0, '2014-06-07'),
(334, 3, 1, '01093', 0, 0, '2014-06-07'),
(335, 3, 1, '01094', 0, 0, '2014-06-07'),
(336, 3, 1, '01095', 0, 0, '2014-06-07'),
(337, 3, 1, '01096', 0, 0, '2014-06-07'),
(338, 3, 1, '01097', 0, 0, '2014-06-07'),
(339, 3, 1, '01098', 0, 0, '2014-06-07'),
(340, 3, 1, '01099', 0, 0, '2014-06-07'),
(341, 3, 1, '01100', 0, 0, '2014-06-07'),
(342, 3, 1, '01101', 0, 0, '2014-06-07'),
(343, 3, 1, '01102', 0, 0, '2014-06-07'),
(344, 3, 1, '01103', 0, 0, '2014-06-07'),
(345, 3, 1, '01104', 0, 0, '2014-06-07'),
(346, 3, 1, '01105', 0, 0, '2014-06-07'),
(347, 3, 1, '01106', 0, 0, '2014-06-07'),
(348, 3, 1, '01107', 0, 0, '2014-06-07'),
(349, 3, 1, '01108', 0, 0, '2014-06-07'),
(350, 3, 1, '01109', 0, 0, '2014-06-07'),
(351, 3, 1, '01110', 0, 0, '2014-06-07'),
(352, 3, 1, '01111', 0, 0, '2014-06-07'),
(353, 3, 1, '01112', 0, 0, '2014-06-07'),
(354, 3, 1, '01113', 0, 0, '2014-06-07'),
(355, 3, 1, '01114', 0, 0, '2014-06-07'),
(356, 3, 1, '01115', 0, 0, '2014-06-07'),
(357, 3, 1, '01116', 0, 0, '2014-06-07'),
(358, 3, 1, '01117', 0, 0, '2014-06-07'),
(359, 3, 1, '01118', 0, 0, '2014-06-07'),
(360, 3, 1, '01119', 0, 0, '2014-06-07'),
(361, 3, 1, '01120', 0, 0, '2014-06-07'),
(362, 3, 1, '01121', 0, 0, '2014-06-07'),
(363, 3, 1, '01122', 0, 0, '2014-06-07'),
(364, 3, 1, '01123', 0, 0, '2014-06-07'),
(365, 3, 1, '01124', 0, 0, '2014-06-07'),
(366, 3, 1, '01125', 0, 0, '2014-06-07'),
(367, 3, 1, '01126', 0, 0, '2014-06-07'),
(368, 3, 1, '01127', 0, 0, '2014-06-07'),
(369, 3, 1, '01128', 0, 0, '2014-06-07'),
(370, 3, 1, '01129', 0, 0, '2014-06-07'),
(371, 3, 1, '01130', 0, 0, '2014-06-07'),
(372, 3, 1, '01131', 0, 0, '2014-06-07'),
(373, 3, 1, '01132', 0, 0, '2014-06-07'),
(374, 3, 1, '01133', 0, 0, '2014-06-07'),
(375, 3, 1, '01134', 0, 0, '2014-06-07'),
(376, 3, 1, '01135', 0, 0, '2014-06-07'),
(377, 3, 1, '01136', 0, 0, '2014-06-07'),
(378, 3, 1, '01137', 0, 0, '2014-06-07'),
(379, 3, 1, '01138', 0, 0, '2014-06-07'),
(380, 3, 1, '01139', 0, 0, '2014-06-07'),
(381, 3, 1, '01140', 0, 0, '2014-06-07'),
(382, 3, 1, '01141', 0, 0, '2014-06-07'),
(383, 3, 1, '01142', 0, 0, '2014-06-07'),
(384, 3, 1, '01143', 0, 0, '2014-06-07'),
(385, 3, 1, '01144', 0, 0, '2014-06-07'),
(386, 3, 1, '01145', 0, 0, '2014-06-07'),
(387, 3, 1, '01146', 0, 0, '2014-06-07'),
(388, 3, 1, '01147', 0, 0, '2014-06-07'),
(389, 3, 1, '01148', 0, 0, '2014-06-07'),
(390, 3, 1, '01149', 0, 0, '2014-06-07'),
(391, 3, 1, '01150', 0, 0, '2014-06-07'),
(392, 3, 1, '01151', 0, 0, '2014-06-07'),
(393, 3, 1, '01152', 0, 0, '2014-06-07'),
(394, 3, 1, '01153', 0, 0, '2014-06-07'),
(395, 3, 1, '01154', 0, 0, '2014-06-07'),
(396, 3, 1, '01155', 0, 0, '2014-06-07'),
(397, 3, 1, '01156', 0, 0, '2014-06-07'),
(398, 3, 1, '01157', 0, 0, '2014-06-07'),
(399, 3, 1, '01158', 0, 0, '2014-06-07'),
(400, 3, 1, '01159', 0, 0, '2014-06-07'),
(401, 3, 1, '01160', 0, 0, '2014-06-07'),
(402, 3, 1, '01161', 0, 0, '2014-06-07'),
(403, 3, 1, '01162', 0, 0, '2014-06-07'),
(404, 3, 1, '01163', 0, 0, '2014-06-07'),
(405, 3, 1, '01164', 0, 0, '2014-06-07'),
(406, 3, 1, '01165', 0, 0, '2014-06-07'),
(407, 3, 1, '01166', 0, 0, '2014-06-07'),
(408, 3, 1, '01167', 0, 0, '2014-06-07'),
(409, 3, 1, '01168', 0, 0, '2014-06-07'),
(410, 3, 1, '01169', 0, 0, '2014-06-07'),
(411, 3, 1, '01170', 0, 0, '2014-06-07'),
(412, 3, 1, '01171', 0, 0, '2014-06-07'),
(413, 3, 1, '01172', 0, 0, '2014-06-07'),
(414, 3, 1, '01173', 0, 0, '2014-06-07'),
(415, 3, 1, '01174', 0, 0, '2014-06-07'),
(416, 3, 1, '01175', 0, 0, '2014-06-07'),
(417, 3, 1, '01176', 0, 0, '2014-06-07'),
(418, 3, 1, '01177', 0, 0, '2014-06-07'),
(419, 3, 1, '01178', 0, 0, '2014-06-07'),
(420, 3, 1, '01179', 0, 0, '2014-06-07'),
(421, 3, 1, '01180', 0, 0, '2014-06-07'),
(422, 3, 1, '01181', 0, 0, '2014-06-07'),
(423, 3, 1, '01182', 0, 0, '2014-06-07'),
(424, 3, 1, '01183', 0, 0, '2014-06-07'),
(425, 3, 1, '01184', 0, 0, '2014-06-07'),
(426, 3, 1, '01185', 0, 0, '2014-06-07'),
(427, 3, 1, '01186', 0, 0, '2014-06-07'),
(428, 3, 1, '01187', 0, 0, '2014-06-07'),
(429, 3, 1, '01188', 0, 0, '2014-06-07'),
(430, 3, 1, '01189', 0, 0, '2014-06-07'),
(431, 3, 1, '01190', 0, 0, '2014-06-07'),
(432, 3, 1, '01191', 0, 0, '2014-06-07'),
(433, 3, 1, '01192', 0, 0, '2014-06-07'),
(434, 3, 1, '01193', 0, 0, '2014-06-07'),
(435, 3, 1, '01194', 0, 0, '2014-06-07'),
(436, 3, 1, '01195', 0, 0, '2014-06-07'),
(437, 3, 1, '01196', 0, 0, '2014-06-07'),
(438, 3, 1, '01197', 0, 0, '2014-06-07'),
(439, 3, 1, '01198', 0, 0, '2014-06-07'),
(440, 3, 1, '01199', 0, 0, '2014-06-07'),
(441, 3, 1, '01200', 0, 0, '2014-06-07'),
(442, 3, 1, '01201', 0, 0, '2014-06-07'),
(443, 3, 1, '01202', 0, 0, '2014-06-07'),
(444, 3, 1, '01203', 0, 0, '2014-06-07'),
(445, 3, 1, '01204', 0, 0, '2014-06-07'),
(446, 3, 1, '01205', 0, 0, '2014-06-07'),
(447, 3, 1, '01206', 0, 0, '2014-06-07'),
(448, 3, 1, '01207', 0, 0, '2014-06-07'),
(449, 3, 1, '01208', 0, 0, '2014-06-07'),
(450, 3, 1, '01209', 0, 0, '2014-06-07'),
(451, 3, 1, '01210', 0, 0, '2014-06-07'),
(452, 3, 1, '01211', 0, 0, '2014-06-07'),
(453, 3, 1, '01212', 0, 0, '2014-06-07'),
(454, 3, 1, '01213', 0, 0, '2014-06-07'),
(455, 3, 1, '01214', 0, 0, '2014-06-07'),
(456, 3, 1, '01215', 0, 0, '2014-06-07'),
(457, 3, 1, '01216', 0, 0, '2014-06-07'),
(458, 3, 1, '01217', 0, 0, '2014-06-07'),
(459, 3, 1, '01218', 0, 0, '2014-06-07'),
(460, 3, 1, '01219', 0, 0, '2014-06-07'),
(461, 3, 1, '01220', 0, 0, '2014-06-07'),
(462, 3, 1, '01221', 0, 0, '2014-06-07'),
(463, 3, 1, '01222', 0, 0, '2014-06-07'),
(464, 3, 1, '01223', 0, 0, '2014-06-07'),
(465, 3, 1, '01224', 0, 0, '2014-06-07'),
(466, 3, 1, '01225', 0, 0, '2014-06-07'),
(467, 3, 1, '01226', 0, 0, '2014-06-07'),
(468, 3, 1, '01227', 0, 0, '2014-06-07'),
(469, 3, 1, '01228', 0, 0, '2014-06-07'),
(470, 3, 1, '01229', 0, 0, '2014-06-07'),
(471, 3, 1, '01230', 0, 0, '2014-06-07'),
(472, 3, 1, '01231', 0, 0, '2014-06-07'),
(473, 3, 1, '01232', 0, 0, '2014-06-07'),
(474, 3, 1, '01233', 0, 0, '2014-06-07'),
(475, 3, 1, '01234', 0, 0, '2014-06-07'),
(476, 3, 1, '01235', 0, 0, '2014-06-07'),
(477, 3, 1, '01236', 0, 0, '2014-06-07'),
(478, 3, 1, '01237', 0, 0, '2014-06-07'),
(479, 3, 1, '01238', 0, 0, '2014-06-07'),
(480, 3, 1, '01239', 0, 0, '2014-06-07'),
(481, 3, 1, '01240', 0, 0, '2014-06-07'),
(482, 3, 1, '01241', 0, 0, '2014-06-07'),
(483, 3, 1, '01242', 0, 0, '2014-06-07'),
(484, 3, 1, '01243', 0, 0, '2014-06-07'),
(485, 3, 1, '01244', 0, 0, '2014-06-07'),
(486, 3, 1, '01245', 0, 0, '2014-06-07'),
(487, 3, 1, '01246', 0, 0, '2014-06-07'),
(488, 3, 1, '01247', 0, 0, '2014-06-07'),
(489, 3, 1, '01248', 0, 0, '2014-06-07'),
(490, 3, 1, '01249', 0, 0, '2014-06-07'),
(491, 3, 1, '01250', 0, 0, '2014-06-07'),
(492, 3, 1, '01251', 0, 0, '2014-06-07'),
(493, 3, 1, '01252', 0, 0, '2014-06-07'),
(494, 3, 1, '01253', 0, 0, '2014-06-07'),
(495, 3, 1, '01254', 0, 0, '2014-06-07'),
(496, 3, 1, '01255', 0, 0, '2014-06-07'),
(497, 3, 1, '01256', 0, 0, '2014-06-07'),
(498, 3, 1, '01257', 0, 0, '2014-06-07'),
(499, 3, 1, '01258', 0, 0, '2014-06-07'),
(500, 3, 1, '01259', 0, 0, '2014-06-07'),
(501, 3, 1, '01260', 0, 0, '2014-06-07'),
(502, 3, 1, '01261', 0, 0, '2014-06-07'),
(503, 3, 1, '01262', 0, 0, '2014-06-07'),
(504, 3, 1, '01263', 0, 0, '2014-06-07'),
(505, 3, 1, '01264', 0, 0, '2014-06-07'),
(506, 3, 1, '01265', 0, 0, '2014-06-07'),
(507, 3, 1, '01266', 0, 0, '2014-06-07'),
(508, 3, 1, '01267', 0, 0, '2014-06-07'),
(509, 3, 1, '01268', 0, 0, '2014-06-07'),
(510, 3, 1, '01269', 0, 0, '2014-06-07'),
(511, 3, 1, '01270', 0, 0, '2014-06-07'),
(512, 3, 1, '01271', 0, 0, '2014-06-07'),
(513, 3, 1, '01272', 0, 0, '2014-06-07'),
(514, 3, 1, '01273', 0, 0, '2014-06-07'),
(515, 3, 1, '01274', 0, 0, '2014-06-07'),
(516, 3, 1, '01275', 0, 0, '2014-06-07'),
(517, 3, 1, '01276', 0, 0, '2014-06-07'),
(518, 3, 1, '01277', 0, 0, '2014-06-07'),
(519, 3, 1, '01278', 0, 0, '2014-06-07'),
(520, 3, 1, '01279', 0, 0, '2014-06-07'),
(521, 3, 1, '01280', 0, 0, '2014-06-07'),
(522, 3, 1, '01281', 0, 0, '2014-06-07'),
(523, 3, 1, '01282', 0, 0, '2014-06-07'),
(524, 3, 1, '01283', 0, 0, '2014-06-07'),
(525, 3, 1, '01284', 0, 0, '2014-06-07'),
(526, 3, 1, '01285', 0, 0, '2014-06-07'),
(527, 3, 1, '01286', 0, 0, '2014-06-07'),
(528, 3, 1, '01287', 0, 0, '2014-06-07'),
(529, 3, 1, '01288', 0, 0, '2014-06-07'),
(530, 3, 1, '01289', 0, 0, '2014-06-07'),
(531, 3, 1, '01290', 0, 0, '2014-06-07'),
(532, 3, 1, '01291', 0, 0, '2014-06-07'),
(533, 3, 1, '01292', 0, 0, '2014-06-07'),
(534, 3, 1, '01293', 0, 0, '2014-06-07'),
(535, 3, 1, '01294', 0, 0, '2014-06-07'),
(536, 3, 1, '01295', 0, 0, '2014-06-07'),
(537, 3, 1, '01296', 0, 0, '2014-06-07'),
(538, 3, 1, '01297', 0, 0, '2014-06-07'),
(539, 3, 1, '01298', 0, 0, '2014-06-07'),
(540, 3, 1, '01299', 0, 0, '2014-06-07'),
(541, 3, 1, '01300', 0, 0, '2014-06-07'),
(542, 3, 1, '01301', 0, 0, '2014-06-07'),
(543, 3, 1, '01302', 0, 0, '2014-06-07'),
(544, 3, 1, '01303', 0, 0, '2014-06-07'),
(545, 3, 1, '01304', 0, 0, '2014-06-07'),
(546, 3, 1, '01305', 0, 0, '2014-06-07'),
(547, 3, 1, '01306', 0, 0, '2014-06-07'),
(548, 3, 1, '01307', 0, 0, '2014-06-07'),
(549, 3, 1, '01308', 0, 0, '2014-06-07'),
(550, 3, 1, '01309', 0, 0, '2014-06-07'),
(551, 3, 1, '01310', 0, 0, '2014-06-07'),
(552, 3, 1, '01311', 0, 0, '2014-06-07'),
(553, 3, 1, '01312', 0, 0, '2014-06-07'),
(554, 3, 1, '01313', 0, 0, '2014-06-07'),
(555, 3, 1, '01314', 0, 0, '2014-06-07'),
(556, 3, 1, '01315', 0, 0, '2014-06-07'),
(557, 3, 1, '01316', 0, 0, '2014-06-07'),
(558, 3, 1, '01317', 0, 0, '2014-06-07'),
(559, 3, 1, '01318', 0, 0, '2014-06-07'),
(560, 3, 1, '01319', 0, 0, '2014-06-07'),
(561, 3, 1, '01320', 0, 0, '2014-06-07'),
(562, 3, 1, '01321', 0, 0, '2014-06-07'),
(563, 3, 1, '01322', 0, 0, '2014-06-07'),
(564, 3, 1, '01323', 0, 0, '2014-06-07'),
(565, 3, 1, '01324', 0, 0, '2014-06-07'),
(566, 3, 1, '01325', 0, 0, '2014-06-07'),
(567, 3, 1, '01326', 0, 0, '2014-06-07'),
(568, 3, 1, '01327', 0, 0, '2014-06-07'),
(569, 3, 1, '01328', 0, 0, '2014-06-07'),
(570, 3, 1, '01329', 0, 0, '2014-06-07'),
(571, 3, 1, '01330', 0, 0, '2014-06-07'),
(572, 3, 1, '01331', 0, 0, '2014-06-07'),
(573, 3, 1, '01332', 0, 0, '2014-06-07'),
(574, 3, 1, '01333', 0, 0, '2014-06-07'),
(575, 3, 1, '01334', 0, 0, '2014-06-07'),
(576, 3, 1, '01335', 0, 0, '2014-06-07'),
(577, 3, 1, '01336', 0, 0, '2014-06-07'),
(578, 3, 1, '01337', 0, 0, '2014-06-07'),
(579, 3, 1, '01338', 0, 0, '2014-06-07'),
(580, 3, 1, '01339', 0, 0, '2014-06-07'),
(581, 3, 1, '01340', 0, 0, '2014-06-07'),
(582, 3, 1, '01341', 0, 0, '2014-06-07'),
(583, 3, 1, '01342', 0, 0, '2014-06-07'),
(584, 3, 1, '01343', 0, 0, '2014-06-07'),
(585, 3, 1, '01344', 0, 0, '2014-06-07'),
(586, 3, 1, '01345', 0, 0, '2014-06-07'),
(587, 3, 1, '01346', 0, 0, '2014-06-07'),
(588, 3, 1, '01347', 0, 0, '2014-06-07'),
(589, 3, 1, '01348', 0, 0, '2014-06-07'),
(590, 3, 1, '01349', 0, 0, '2014-06-07'),
(591, 3, 1, '01350', 0, 0, '2014-06-07'),
(592, 3, 1, '01351', 0, 0, '2014-06-07'),
(593, 3, 1, '01352', 0, 0, '2014-06-07'),
(594, 3, 1, '01353', 0, 0, '2014-06-07'),
(595, 3, 1, '01354', 0, 0, '2014-06-07'),
(596, 3, 1, '01355', 0, 0, '2014-06-07'),
(597, 3, 1, '01356', 0, 0, '2014-06-07'),
(598, 3, 1, '01357', 0, 0, '2014-06-07'),
(599, 3, 1, '01358', 0, 0, '2014-06-07'),
(600, 3, 1, '01359', 0, 0, '2014-06-07'),
(601, 3, 1, '01360', 0, 0, '2014-06-07'),
(602, 3, 1, '01361', 0, 0, '2014-06-07'),
(603, 3, 1, '01362', 0, 0, '2014-06-07'),
(604, 3, 1, '01363', 0, 0, '2014-06-07'),
(605, 3, 1, '01364', 0, 0, '2014-06-07'),
(606, 3, 1, '01365', 0, 0, '2014-06-07'),
(607, 3, 1, '01366', 0, 0, '2014-06-07'),
(608, 3, 1, '01367', 0, 0, '2014-06-07'),
(609, 3, 1, '01368', 0, 0, '2014-06-07'),
(610, 3, 1, '01369', 0, 0, '2014-06-07'),
(611, 3, 1, '01370', 0, 0, '2014-06-07'),
(612, 3, 1, '01371', 0, 0, '2014-06-07'),
(613, 4, 1, '01108', 0, 0, '2014-06-07'),
(614, 4, 1, '01109', 0, 0, '2014-06-07'),
(615, 4, 1, '01110', 0, 0, '2014-06-07'),
(616, 4, 1, '01111', 0, 0, '2014-06-07'),
(617, 4, 1, '01112', 0, 0, '2014-06-07'),
(618, 4, 1, '01113', 0, 0, '2014-06-07'),
(619, 4, 1, '01114', 0, 0, '2014-06-07'),
(620, 4, 1, '01115', 0, 0, '2014-06-07'),
(621, 4, 1, '01116', 0, 0, '2014-06-07'),
(622, 4, 1, '01117', 0, 0, '2014-06-07'),
(623, 4, 1, '01118', 0, 0, '2014-06-07'),
(624, 4, 1, '01119', 0, 0, '2014-06-07'),
(625, 4, 1, '01120', 0, 0, '2014-06-07'),
(626, 4, 1, '01121', 0, 0, '2014-06-07'),
(627, 4, 1, '01122', 0, 0, '2014-06-07'),
(628, 4, 1, '01123', 0, 0, '2014-06-07'),
(629, 4, 1, '01124', 0, 0, '2014-06-07'),
(630, 4, 1, '01125', 0, 0, '2014-06-07'),
(631, 4, 1, '01126', 0, 0, '2014-06-07'),
(632, 4, 1, '01127', 0, 0, '2014-06-07'),
(633, 4, 1, '01128', 0, 0, '2014-06-07'),
(634, 4, 1, '01129', 0, 0, '2014-06-07'),
(635, 4, 1, '01130', 0, 0, '2014-06-07'),
(636, 4, 1, '01131', 0, 0, '2014-06-07'),
(637, 4, 1, '01132', 0, 0, '2014-06-07'),
(638, 4, 1, '01133', 0, 0, '2014-06-07'),
(639, 4, 1, '01134', 0, 0, '2014-06-07'),
(640, 4, 1, '01135', 0, 0, '2014-06-07'),
(641, 4, 1, '01136', 0, 0, '2014-06-07'),
(642, 4, 1, '01137', 0, 0, '2014-06-07'),
(643, 4, 1, '01138', 0, 0, '2014-06-07'),
(644, 4, 1, '01139', 0, 0, '2014-06-07'),
(645, 4, 1, '01140', 0, 0, '2014-06-07'),
(646, 4, 1, '01141', 0, 0, '2014-06-07'),
(647, 4, 1, '01142', 0, 0, '2014-06-07'),
(648, 4, 1, '01143', 0, 0, '2014-06-07'),
(649, 4, 1, '01144', 0, 0, '2014-06-07'),
(650, 4, 1, '01145', 0, 0, '2014-06-07'),
(651, 4, 1, '01146', 0, 0, '2014-06-07'),
(652, 4, 1, '01147', 0, 0, '2014-06-07'),
(653, 4, 1, '01148', 0, 0, '2014-06-07'),
(654, 4, 1, '01149', 0, 0, '2014-06-07'),
(655, 4, 1, '01150', 0, 0, '2014-06-07'),
(656, 4, 1, '01151', 0, 0, '2014-06-07'),
(657, 4, 1, '01152', 0, 0, '2014-06-07'),
(658, 4, 1, '01153', 0, 0, '2014-06-07'),
(659, 4, 1, '01154', 0, 0, '2014-06-07'),
(660, 4, 1, '01155', 0, 0, '2014-06-07'),
(661, 4, 1, '01156', 0, 0, '2014-06-07'),
(662, 4, 1, '01157', 0, 0, '2014-06-07'),
(663, 4, 1, '01158', 0, 0, '2014-06-07'),
(664, 4, 1, '01159', 0, 0, '2014-06-07'),
(665, 4, 1, '01160', 0, 0, '2014-06-07'),
(666, 4, 1, '01161', 0, 0, '2014-06-07'),
(667, 4, 1, '01162', 0, 0, '2014-06-07'),
(668, 4, 1, '01163', 0, 0, '2014-06-07'),
(669, 4, 1, '01164', 0, 0, '2014-06-07'),
(670, 4, 1, '01165', 0, 0, '2014-06-07'),
(671, 4, 1, '01166', 0, 0, '2014-06-07'),
(672, 4, 1, '01167', 0, 0, '2014-06-07'),
(673, 4, 1, '01168', 0, 0, '2014-06-07'),
(674, 4, 1, '01169', 0, 0, '2014-06-07'),
(675, 4, 1, '01170', 0, 0, '2014-06-07'),
(676, 4, 1, '01171', 0, 0, '2014-06-07'),
(677, 4, 1, '01172', 0, 0, '2014-06-07'),
(678, 4, 1, '01173', 0, 0, '2014-06-07'),
(679, 4, 1, '01174', 0, 0, '2014-06-07'),
(680, 4, 1, '01175', 0, 0, '2014-06-07'),
(681, 4, 1, '01176', 0, 0, '2014-06-07'),
(682, 4, 1, '01177', 0, 0, '2014-06-07'),
(683, 4, 1, '01178', 0, 0, '2014-06-07'),
(684, 4, 1, '01179', 0, 0, '2014-06-07'),
(685, 4, 1, '01180', 0, 0, '2014-06-07'),
(686, 4, 1, '01181', 0, 0, '2014-06-07'),
(687, 4, 1, '01182', 0, 0, '2014-06-07'),
(688, 4, 1, '01183', 0, 0, '2014-06-07'),
(689, 4, 1, '01184', 0, 0, '2014-06-07'),
(690, 4, 1, '01185', 0, 0, '2014-06-07'),
(691, 4, 1, '01186', 0, 0, '2014-06-07'),
(692, 4, 1, '01187', 0, 0, '2014-06-07'),
(693, 4, 1, '01188', 0, 0, '2014-06-07'),
(694, 4, 1, '01189', 0, 0, '2014-06-07'),
(695, 4, 1, '01190', 0, 0, '2014-06-07'),
(696, 4, 1, '01191', 0, 0, '2014-06-07'),
(697, 4, 1, '01192', 0, 0, '2014-06-07'),
(698, 4, 1, '01193', 0, 0, '2014-06-07'),
(699, 4, 1, '01194', 0, 0, '2014-06-07'),
(700, 4, 1, '01195', 0, 0, '2014-06-07'),
(701, 4, 1, '01196', 0, 0, '2014-06-07'),
(702, 4, 1, '01197', 0, 0, '2014-06-07'),
(703, 4, 1, '01198', 0, 0, '2014-06-07'),
(704, 4, 1, '01199', 0, 0, '2014-06-07'),
(705, 4, 1, '01200', 0, 0, '2014-06-07'),
(706, 4, 1, '01201', 0, 0, '2014-06-07'),
(707, 4, 1, '01202', 0, 0, '2014-06-07'),
(708, 4, 1, '01203', 0, 0, '2014-06-07'),
(709, 4, 1, '01204', 0, 0, '2014-06-07'),
(710, 4, 1, '01205', 0, 0, '2014-06-07'),
(711, 4, 1, '01206', 0, 0, '2014-06-07'),
(712, 4, 1, '01207', 0, 0, '2014-06-07'),
(713, 4, 1, '01208', 0, 0, '2014-06-07'),
(714, 4, 1, '01209', 0, 0, '2014-06-07'),
(715, 5, 1, '00971', 0, 1, '2014-06-07'),
(716, 5, 1, '00972', 0, 1, '2014-06-07'),
(717, 5, 1, '00973', 0, 1, '2014-06-07'),
(718, 5, 1, '00974', 0, 1, '2014-06-07'),
(719, 5, 1, '00975', 0, 1, '2014-06-07'),
(720, 5, 1, '00976', 0, 1, '2014-06-07'),
(721, 5, 1, '00977', 0, 1, '2014-06-07'),
(722, 5, 1, '00978', 0, 1, '2014-06-07'),
(723, 5, 1, '00979', 0, 1, '2014-06-07'),
(724, 5, 1, '00980', 0, 1, '2014-06-07'),
(725, 5, 1, '00981', 0, 1, '2014-06-07'),
(726, 5, 1, '00982', 0, 1, '2014-06-07'),
(727, 5, 1, '00983', 0, 1, '2014-06-07'),
(728, 5, 1, '00984', 0, 1, '2014-06-07'),
(729, 5, 1, '00985', 0, 1, '2014-06-07'),
(730, 5, 1, '00986', 0, 1, '2014-06-07'),
(731, 5, 1, '00987', 0, 1, '2014-06-07'),
(732, 5, 1, '00988', 0, 1, '2014-06-07'),
(733, 5, 1, '00989', 0, 1, '2014-06-07'),
(734, 5, 1, '00990', 0, 1, '2014-06-07'),
(735, 5, 1, '00991', 0, 1, '2014-06-07'),
(736, 5, 1, '00992', 0, 1, '2014-06-07'),
(737, 5, 1, '00993', 0, 1, '2014-06-07'),
(738, 5, 1, '00994', 0, 1, '2014-06-07'),
(739, 5, 1, '00995', 0, 1, '2014-06-07'),
(740, 5, 1, '00996', 0, 1, '2014-06-07'),
(741, 5, 1, '00997', 0, 1, '2014-06-07'),
(742, 5, 1, '00998', 0, 1, '2014-06-07'),
(743, 5, 1, '00999', 0, 1, '2014-06-07'),
(744, 5, 1, '01000', 0, 1, '2014-06-07'),
(745, 5, 1, '01001', 0, 1, '2014-06-07'),
(746, 5, 1, '01002', 0, 1, '2014-06-07'),
(747, 5, 1, '01003', 0, 1, '2014-06-07'),
(748, 5, 1, '01004', 0, 1, '2014-06-07'),
(749, 5, 1, '01005', 0, 1, '2014-06-07'),
(750, 5, 1, '01006', 0, 1, '2014-06-07'),
(751, 5, 1, '01007', 0, 1, '2014-06-07'),
(752, 5, 1, '01008', 0, 1, '2014-06-07'),
(753, 5, 1, '01009', 0, 1, '2014-06-07'),
(754, 5, 1, '01010', 0, 1, '2014-06-07'),
(755, 5, 1, '01011', 0, 1, '2014-06-07'),
(911, 7, 0, '01015', 0, 0, '2014-06-07'),
(910, 7, 0, '01014', 0, 0, '2014-06-07'),
(909, 7, 0, '01013', 0, 0, '2014-06-07'),
(908, 7, 0, '01012', 0, 0, '2014-06-07'),
(907, 7, 0, '01011', 0, 0, '2014-06-07'),
(906, 7, 0, '01010', 0, 0, '2014-06-07'),
(905, 7, 0, '01009', 0, 0, '2014-06-07'),
(904, 7, 0, '01008', 0, 0, '2014-06-07'),
(903, 7, 0, '01007', 0, 0, '2014-06-07'),
(902, 7, 0, '01006', 0, 0, '2014-06-07'),
(901, 7, 0, '01005', 0, 0, '2014-06-07'),
(900, 7, 0, '01004', 0, 0, '2014-06-07'),
(899, 7, 0, '01003', 0, 0, '2014-06-07'),
(898, 7, 0, '01002', 0, 0, '2014-06-07'),
(897, 7, 0, '01001', 0, 0, '2014-06-07'),
(896, 7, 0, '01000', 0, 0, '2014-06-07'),
(895, 7, 0, '00999', 0, 0, '2014-06-07'),
(894, 7, 0, '00998', 0, 0, '2014-06-07'),
(893, 7, 0, '00997', 0, 0, '2014-06-07'),
(892, 7, 0, '00996', 0, 0, '2014-06-07'),
(891, 7, 0, '00995', 0, 0, '2014-06-07'),
(890, 7, 0, '00994', 0, 0, '2014-06-07'),
(889, 7, 0, '00993', 0, 0, '2014-06-07'),
(888, 7, 0, '00992', 0, 0, '2014-06-07'),
(887, 7, 0, '00991', 0, 0, '2014-06-07'),
(886, 7, 0, '00990', 0, 0, '2014-06-07'),
(885, 7, 0, '00989', 0, 0, '2014-06-07'),
(884, 7, 0, '00988', 0, 0, '2014-06-07'),
(883, 7, 0, '00987', 0, 0, '2014-06-07'),
(882, 7, 0, '00986', 0, 0, '2014-06-07'),
(881, 7, 0, '00985', 0, 0, '2014-06-07'),
(880, 7, 0, '00984', 0, 0, '2014-06-07'),
(879, 7, 0, '00983', 0, 0, '2014-06-07'),
(878, 7, 0, '00982', 0, 0, '2014-06-07'),
(877, 7, 0, '00981', 0, 0, '2014-06-07'),
(876, 7, 0, '00980', 0, 0, '2014-06-07'),
(875, 7, 0, '00979', 0, 0, '2014-06-07'),
(874, 7, 0, '00978', 0, 0, '2014-06-07'),
(873, 7, 0, '00977', 0, 0, '2014-06-07'),
(872, 7, 0, '00976', 0, 0, '2014-06-07'),
(871, 7, 0, '00975', 0, 0, '2014-06-07'),
(870, 7, 0, '00974', 0, 0, '2014-06-07'),
(869, 7, 0, '00973', 0, 0, '2014-06-07'),
(868, 7, 0, '00972', 0, 0, '2014-06-07'),
(867, 7, 0, '00971', 0, 0, '2014-06-07'),
(866, 7, 0, '00970', 0, 0, '2014-06-07'),
(865, 7, 0, '00969', 0, 0, '2014-06-07'),
(912, 3, 1, '01474', 0, 0, '2014-06-07'),
(913, 3, 1, '01475', 0, 0, '2014-06-07'),
(914, 3, 1, '01476', 0, 0, '2014-06-07'),
(915, 3, 1, '01477', 0, 0, '2014-06-07'),
(916, 3, 1, '01478', 0, 0, '2014-06-07'),
(917, 3, 1, '01479', 0, 0, '2014-06-07'),
(918, 3, 1, '01480', 0, 0, '2014-06-07'),
(919, 3, 1, '01481', 0, 0, '2014-06-07'),
(920, 3, 1, '01482', 0, 0, '2014-06-07'),
(921, 3, 1, '01483', 0, 0, '2014-06-07'),
(922, 3, 1, '01484', 0, 0, '2014-06-07'),
(923, 3, 1, '01485', 0, 0, '2014-06-07'),
(924, 3, 1, '01486', 0, 0, '2014-06-07'),
(925, 3, 1, '01487', 0, 0, '2014-06-07'),
(926, 3, 1, '01488', 0, 0, '2014-06-07'),
(927, 3, 1, '01489', 0, 0, '2014-06-07'),
(928, 3, 1, '01490', 0, 0, '2014-06-07'),
(929, 3, 1, '01491', 0, 0, '2014-06-07'),
(930, 3, 1, '01492', 0, 0, '2014-06-07'),
(931, 3, 1, '01493', 0, 0, '2014-06-07'),
(932, 3, 1, '01494', 0, 0, '2014-06-07'),
(933, 3, 1, '01495', 0, 0, '2014-06-07'),
(934, 3, 1, '01496', 0, 0, '2014-06-07'),
(935, 3, 1, '01497', 0, 0, '2014-06-07'),
(936, 3, 1, '01498', 0, 0, '2014-06-07'),
(937, 3, 1, '01499', 0, 0, '2014-06-07'),
(938, 3, 1, '01500', 0, 0, '2014-06-07'),
(939, 3, 1, '01501', 0, 0, '2014-06-07'),
(940, 3, 1, '01502', 0, 0, '2014-06-07'),
(941, 3, 1, '01503', 0, 0, '2014-06-07'),
(942, 3, 1, '01504', 0, 0, '2014-06-07'),
(943, 3, 1, '01505', 0, 0, '2014-06-07'),
(944, 3, 1, '01506', 0, 0, '2014-06-07'),
(945, 3, 1, '01507', 0, 0, '2014-06-07'),
(946, 3, 1, '01508', 0, 0, '2014-06-07'),
(947, 3, 1, '01509', 0, 0, '2014-06-07'),
(948, 3, 1, '01510', 0, 0, '2014-06-07'),
(949, 3, 1, '01511', 0, 0, '2014-06-07'),
(950, 3, 1, '01512', 0, 0, '2014-06-07'),
(951, 3, 1, '01513', 0, 0, '2014-06-07'),
(952, 3, 1, '01514', 0, 0, '2014-06-07'),
(953, 3, 1, '01515', 0, 0, '2014-06-07'),
(954, 3, 1, '01516', 0, 0, '2014-06-07'),
(955, 3, 1, '01517', 0, 0, '2014-06-07'),
(956, 3, 1, '01518', 0, 0, '2014-06-07'),
(957, 3, 1, '01519', 0, 0, '2014-06-07'),
(958, 3, 1, '01520', 0, 0, '2014-06-07'),
(959, 3, 1, '01521', 0, 0, '2014-06-07'),
(960, 3, 1, '01522', 0, 0, '2014-06-07'),
(961, 3, 1, '01523', 0, 0, '2014-06-07'),
(962, 3, 1, '01524', 0, 0, '2014-06-07'),
(963, 3, 1, '01525', 0, 0, '2014-06-07'),
(964, 3, 1, '01526', 0, 0, '2014-06-07'),
(965, 3, 1, '01527', 0, 0, '2014-06-07'),
(966, 3, 1, '01528', 0, 0, '2014-06-07'),
(967, 3, 1, '01529', 0, 0, '2014-06-07'),
(968, 3, 1, '01530', 0, 0, '2014-06-07'),
(969, 3, 1, '01531', 0, 0, '2014-06-07'),
(970, 3, 1, '01532', 0, 0, '2014-06-07'),
(971, 3, 1, '01533', 0, 0, '2014-06-07'),
(972, 3, 1, '01534', 0, 0, '2014-06-07'),
(973, 3, 1, '01535', 0, 0, '2014-06-07'),
(974, 3, 1, '01536', 0, 0, '2014-06-07'),
(975, 3, 1, '01537', 0, 0, '2014-06-07'),
(976, 3, 1, '01538', 0, 0, '2014-06-07'),
(977, 3, 1, '01539', 0, 0, '2014-06-07'),
(978, 3, 1, '01540', 0, 0, '2014-06-07'),
(979, 3, 1, '01541', 0, 0, '2014-06-07'),
(980, 3, 1, '01542', 0, 0, '2014-06-07'),
(981, 3, 1, '01543', 0, 0, '2014-06-07'),
(982, 3, 1, '01544', 0, 0, '2014-06-07'),
(983, 3, 1, '01545', 0, 0, '2014-06-07'),
(984, 3, 1, '01546', 0, 0, '2014-06-07'),
(985, 3, 1, '01547', 0, 0, '2014-06-07'),
(986, 3, 1, '01548', 0, 0, '2014-06-07'),
(987, 3, 1, '01549', 0, 0, '2014-06-07'),
(988, 3, 1, '01550', 0, 0, '2014-06-07'),
(989, 3, 1, '01551', 0, 0, '2014-06-07'),
(990, 3, 1, '01552', 0, 0, '2014-06-07'),
(991, 3, 1, '01553', 0, 0, '2014-06-07'),
(992, 3, 1, '01554', 0, 0, '2014-06-07'),
(993, 3, 1, '01555', 0, 0, '2014-06-07'),
(994, 3, 1, '01556', 0, 0, '2014-06-07'),
(995, 3, 1, '01557', 0, 0, '2014-06-07'),
(996, 3, 1, '01558', 0, 0, '2014-06-07'),
(997, 3, 1, '01559', 0, 0, '2014-06-07'),
(998, 3, 1, '01560', 0, 0, '2014-06-07'),
(999, 3, 1, '01561', 0, 0, '2014-06-07'),
(1000, 3, 1, '01562', 0, 0, '2014-06-07'),
(1001, 3, 1, '01563', 0, 0, '2014-06-07'),
(1002, 3, 1, '01564', 0, 0, '2014-06-07'),
(1003, 3, 1, '01565', 0, 0, '2014-06-07'),
(1004, 3, 1, '01566', 0, 0, '2014-06-07'),
(1005, 3, 1, '01567', 0, 0, '2014-06-07'),
(1006, 3, 1, '01568', 0, 0, '2014-06-07'),
(1007, 3, 1, '01569', 0, 0, '2014-06-07'),
(1008, 3, 1, '01570', 0, 0, '2014-06-07'),
(1009, 3, 1, '01571', 0, 0, '2014-06-07'),
(1010, 3, 1, '01572', 0, 0, '2014-06-07'),
(1011, 3, 1, '01573', 0, 0, '2014-06-07'),
(1012, 3, 1, '01574', 0, 0, '2014-06-07'),
(1013, 3, 1, '01575', 0, 0, '2014-06-07'),
(1014, 3, 1, '01576', 0, 0, '2014-06-07'),
(1015, 3, 1, '01577', 0, 0, '2014-06-07'),
(1016, 3, 1, '01578', 0, 0, '2014-06-07'),
(1017, 3, 1, '01579', 0, 0, '2014-06-07'),
(1018, 3, 1, '01580', 0, 0, '2014-06-07'),
(1019, 3, 1, '01581', 0, 0, '2014-06-07'),
(1020, 3, 1, '01582', 0, 0, '2014-06-07'),
(1021, 3, 1, '01583', 0, 0, '2014-06-07'),
(1022, 3, 1, '01584', 0, 0, '2014-06-07'),
(1023, 3, 1, '01585', 0, 0, '2014-06-07'),
(1024, 3, 1, '01586', 0, 0, '2014-06-07'),
(1025, 3, 1, '01587', 0, 0, '2014-06-07'),
(1026, 3, 1, '01588', 0, 0, '2014-06-07'),
(1027, 3, 1, '01589', 0, 0, '2014-06-07'),
(1028, 3, 1, '01590', 0, 0, '2014-06-07'),
(1029, 3, 1, '01591', 0, 0, '2014-06-07'),
(1030, 3, 1, '01592', 0, 0, '2014-06-07'),
(1031, 3, 1, '01593', 0, 0, '2014-06-07'),
(1032, 3, 1, '01594', 0, 0, '2014-06-07'),
(1033, 3, 1, '01595', 0, 0, '2014-06-07'),
(1034, 3, 1, '01596', 0, 0, '2014-06-07'),
(1035, 3, 1, '01597', 0, 0, '2014-06-07'),
(1036, 3, 1, '01598', 0, 0, '2014-06-07'),
(1037, 3, 1, '01599', 0, 0, '2014-06-07'),
(1038, 3, 1, '01600', 0, 0, '2014-06-07'),
(1039, 3, 1, '01601', 0, 0, '2014-06-07'),
(1040, 3, 1, '01602', 0, 0, '2014-06-07'),
(1041, 3, 1, '01603', 0, 0, '2014-06-07'),
(1042, 3, 1, '01604', 0, 0, '2014-06-07'),
(1043, 3, 1, '01605', 0, 0, '2014-06-07'),
(1044, 3, 1, '01606', 0, 0, '2014-06-07'),
(1045, 3, 1, '01607', 0, 0, '2014-06-07'),
(1046, 3, 1, '01608', 0, 0, '2014-06-07'),
(1047, 3, 1, '01609', 0, 0, '2014-06-07'),
(1048, 3, 1, '01610', 0, 0, '2014-06-07'),
(1049, 3, 1, '01611', 0, 0, '2014-06-07'),
(1050, 3, 1, '01612', 0, 0, '2014-06-07'),
(1051, 3, 1, '01613', 0, 0, '2014-06-07'),
(1052, 3, 1, '01614', 0, 0, '2014-06-07'),
(1053, 3, 1, '01615', 0, 0, '2014-06-07'),
(1054, 3, 1, '01616', 0, 0, '2014-06-07'),
(1055, 3, 1, '01617', 0, 0, '2014-06-07'),
(1056, 3, 1, '01618', 0, 0, '2014-06-07'),
(1057, 3, 1, '01619', 0, 0, '2014-06-07'),
(1058, 3, 1, '01620', 0, 0, '2014-06-07'),
(1059, 3, 1, '01621', 0, 0, '2014-06-07'),
(1060, 3, 1, '01622', 0, 0, '2014-06-07'),
(1061, 3, 1, '01623', 0, 0, '2014-06-07'),
(1062, 3, 1, '01624', 0, 0, '2014-06-07'),
(1063, 3, 1, '01625', 0, 0, '2014-06-07'),
(1064, 3, 1, '01626', 0, 0, '2014-06-07'),
(1065, 3, 1, '01627', 0, 0, '2014-06-07'),
(1066, 3, 1, '01628', 0, 0, '2014-06-07'),
(1067, 3, 1, '01629', 0, 0, '2014-06-07'),
(1068, 3, 1, '01630', 0, 0, '2014-06-07'),
(1069, 3, 1, '01631', 0, 0, '2014-06-07'),
(1070, 3, 1, '01632', 0, 0, '2014-06-07'),
(1071, 3, 1, '01633', 0, 0, '2014-06-07'),
(1072, 3, 1, '01634', 0, 0, '2014-06-07'),
(1073, 3, 1, '01635', 0, 0, '2014-06-07'),
(1074, 3, 1, '01636', 0, 0, '2014-06-07'),
(1075, 3, 1, '01637', 0, 0, '2014-06-07'),
(1076, 3, 1, '01638', 0, 0, '2014-06-07'),
(1077, 3, 1, '01639', 0, 0, '2014-06-07'),
(1078, 3, 1, '01640', 0, 0, '2014-06-07'),
(1079, 3, 1, '01641', 0, 0, '2014-06-07'),
(1080, 3, 1, '01642', 0, 0, '2014-06-07'),
(1081, 3, 1, '01643', 0, 0, '2014-06-07'),
(1082, 3, 1, '01644', 0, 0, '2014-06-07'),
(1083, 3, 1, '01645', 0, 0, '2014-06-07'),
(1084, 3, 1, '01646', 0, 0, '2014-06-07'),
(1085, 3, 1, '01647', 0, 0, '2014-06-07'),
(1086, 3, 1, '01648', 0, 0, '2014-06-07'),
(1087, 3, 1, '01649', 0, 0, '2014-06-07'),
(1088, 3, 1, '01650', 0, 0, '2014-06-07'),
(1089, 3, 1, '01651', 0, 0, '2014-06-07'),
(1090, 3, 1, '01652', 0, 0, '2014-06-07'),
(1091, 3, 1, '01653', 0, 0, '2014-06-07'),
(1092, 3, 1, '01654', 0, 0, '2014-06-07'),
(1093, 3, 1, '01655', 0, 0, '2014-06-07'),
(1094, 3, 1, '01656', 0, 0, '2014-06-07'),
(1095, 3, 1, '01657', 0, 0, '2014-06-07'),
(1096, 3, 1, '01658', 0, 0, '2014-06-07'),
(1097, 3, 1, '01659', 0, 0, '2014-06-07'),
(1098, 3, 1, '01660', 0, 0, '2014-06-07'),
(1099, 3, 1, '01661', 0, 0, '2014-06-07'),
(1100, 3, 1, '01662', 0, 0, '2014-06-07'),
(1101, 3, 1, '01663', 0, 0, '2014-06-07'),
(1102, 3, 1, '01664', 0, 0, '2014-06-07'),
(1103, 3, 1, '01665', 0, 0, '2014-06-07'),
(1104, 3, 1, '01666', 0, 0, '2014-06-07'),
(1105, 3, 1, '01667', 0, 0, '2014-06-07'),
(1106, 3, 1, '01668', 0, 0, '2014-06-07'),
(1107, 3, 1, '01669', 0, 0, '2014-06-07'),
(1108, 3, 1, '01670', 0, 0, '2014-06-07'),
(1109, 3, 1, '01671', 0, 0, '2014-06-07'),
(1110, 3, 1, '01672', 0, 0, '2014-06-07'),
(1111, 3, 1, '01673', 0, 0, '2014-06-07'),
(1112, 3, 1, '01674', 0, 0, '2014-06-07'),
(1113, 3, 1, '01675', 0, 0, '2014-06-07'),
(1114, 3, 1, '01676', 0, 0, '2014-06-07'),
(1115, 3, 1, '01677', 0, 0, '2014-06-07'),
(1116, 3, 1, '01678', 0, 0, '2014-06-07'),
(1117, 3, 1, '01679', 0, 0, '2014-06-07'),
(1118, 3, 1, '01680', 0, 0, '2014-06-07'),
(1119, 3, 1, '01681', 0, 0, '2014-06-07'),
(1120, 3, 1, '01682', 0, 0, '2014-06-07'),
(1121, 3, 1, '01683', 0, 0, '2014-06-07'),
(1122, 3, 1, '01684', 0, 0, '2014-06-07'),
(1123, 3, 1, '01685', 0, 0, '2014-06-07'),
(1124, 3, 1, '01686', 0, 0, '2014-06-07'),
(1125, 3, 1, '01687', 0, 0, '2014-06-07'),
(1126, 3, 1, '01688', 0, 0, '2014-06-07'),
(1127, 3, 1, '01689', 0, 0, '2014-06-07'),
(1128, 3, 1, '01690', 0, 0, '2014-06-07'),
(1129, 3, 1, '01691', 0, 0, '2014-06-07'),
(1130, 3, 1, '01692', 0, 0, '2014-06-07'),
(1131, 3, 1, '01693', 0, 0, '2014-06-07'),
(1132, 3, 1, '01694', 0, 0, '2014-06-07'),
(1133, 3, 1, '01695', 0, 0, '2014-06-07'),
(1134, 3, 1, '01696', 0, 0, '2014-06-07'),
(1135, 3, 1, '01697', 0, 0, '2014-06-07'),
(1136, 3, 1, '01698', 0, 0, '2014-06-07'),
(1137, 3, 1, '01699', 0, 0, '2014-06-07'),
(1138, 3, 1, '01700', 0, 0, '2014-06-07'),
(1139, 3, 1, '01701', 0, 0, '2014-06-07'),
(1140, 3, 1, '01702', 0, 0, '2014-06-07'),
(1141, 3, 1, '01703', 0, 0, '2014-06-07'),
(1142, 3, 1, '01704', 0, 0, '2014-06-07'),
(1143, 3, 1, '01705', 0, 0, '2014-06-07'),
(1144, 3, 1, '01706', 0, 0, '2014-06-07'),
(1145, 3, 1, '01707', 0, 0, '2014-06-07'),
(1146, 3, 1, '01708', 0, 0, '2014-06-07'),
(1147, 3, 1, '01709', 0, 0, '2014-06-07'),
(1148, 3, 1, '01710', 0, 0, '2014-06-07'),
(1149, 3, 1, '01711', 0, 0, '2014-06-07'),
(1150, 3, 1, '01712', 0, 0, '2014-06-07'),
(1151, 3, 1, '01713', 0, 0, '2014-06-07'),
(1152, 3, 1, '01714', 0, 0, '2014-06-07'),
(1153, 3, 1, '01715', 0, 0, '2014-06-07'),
(1154, 3, 1, '01716', 0, 0, '2014-06-07'),
(1155, 3, 1, '01717', 0, 0, '2014-06-07'),
(1156, 3, 1, '01718', 0, 0, '2014-06-07'),
(1157, 3, 1, '01719', 0, 0, '2014-06-07'),
(1158, 3, 1, '01720', 0, 0, '2014-06-07'),
(1159, 3, 1, '01721', 0, 0, '2014-06-07'),
(1160, 3, 1, '01722', 0, 0, '2014-06-07'),
(1161, 3, 1, '01723', 0, 0, '2014-06-07'),
(1162, 3, 1, '01724', 0, 0, '2014-06-07'),
(1163, 3, 1, '01725', 0, 0, '2014-06-07'),
(1164, 3, 1, '01726', 0, 0, '2014-06-07'),
(1165, 3, 1, '01727', 0, 0, '2014-06-07'),
(1166, 3, 1, '01728', 0, 0, '2014-06-07'),
(1167, 3, 1, '01729', 0, 0, '2014-06-07'),
(1168, 3, 1, '01730', 0, 0, '2014-06-07'),
(1169, 3, 1, '01731', 0, 0, '2014-06-07'),
(1170, 3, 1, '01732', 0, 0, '2014-06-07'),
(1171, 3, 1, '01733', 0, 0, '2014-06-07'),
(1172, 3, 1, '01734', 0, 0, '2014-06-07'),
(1173, 3, 1, '01735', 0, 0, '2014-06-07'),
(1174, 3, 1, '01736', 0, 0, '2014-06-07'),
(1175, 3, 1, '01737', 0, 0, '2014-06-07'),
(1176, 3, 1, '01738', 0, 0, '2014-06-07'),
(1177, 3, 1, '01739', 0, 0, '2014-06-07'),
(1178, 3, 1, '01740', 0, 0, '2014-06-07'),
(1179, 3, 1, '01741', 0, 0, '2014-06-07'),
(1180, 3, 1, '01742', 0, 0, '2014-06-07'),
(1181, 3, 1, '01743', 0, 0, '2014-06-07'),
(1182, 3, 1, '01744', 0, 0, '2014-06-07'),
(1183, 3, 1, '01745', 0, 0, '2014-06-07'),
(1184, 3, 1, '01746', 0, 0, '2014-06-07'),
(1185, 3, 1, '01747', 0, 0, '2014-06-07'),
(1186, 3, 1, '01748', 0, 0, '2014-06-07'),
(1187, 3, 1, '01749', 0, 0, '2014-06-07'),
(1188, 3, 1, '01750', 0, 0, '2014-06-07'),
(1189, 3, 1, '01751', 0, 0, '2014-06-07'),
(1190, 3, 1, '01752', 0, 0, '2014-06-07'),
(1191, 3, 1, '01753', 0, 0, '2014-06-07'),
(1192, 3, 1, '01754', 0, 0, '2014-06-07'),
(1193, 3, 1, '01755', 0, 0, '2014-06-07'),
(1194, 3, 1, '01756', 0, 0, '2014-06-07'),
(1195, 3, 1, '01757', 0, 0, '2014-06-07'),
(1196, 3, 1, '01758', 0, 0, '2014-06-07'),
(1197, 3, 1, '01759', 0, 0, '2014-06-07'),
(1198, 3, 1, '01760', 0, 0, '2014-06-07'),
(1199, 3, 1, '01761', 0, 0, '2014-06-07'),
(1200, 3, 1, '01762', 0, 0, '2014-06-07'),
(1201, 3, 1, '01763', 0, 0, '2014-06-07'),
(1202, 3, 1, '01764', 0, 0, '2014-06-07'),
(1203, 3, 1, '01765', 0, 0, '2014-06-07'),
(1204, 3, 1, '01766', 0, 0, '2014-06-07'),
(1205, 3, 1, '01767', 0, 0, '2014-06-07'),
(1206, 3, 1, '01768', 0, 0, '2014-06-07'),
(1207, 3, 1, '01769', 0, 0, '2014-06-07'),
(1208, 3, 1, '01770', 0, 0, '2014-06-07'),
(1209, 3, 1, '01771', 0, 0, '2014-06-07'),
(1210, 3, 1, '01772', 0, 0, '2014-06-07'),
(1211, 3, 1, '01773', 0, 0, '2014-06-07'),
(1212, 3, 1, '01774', 0, 0, '2014-06-07'),
(1213, 3, 1, '01775', 0, 0, '2014-06-07'),
(1214, 3, 1, '01776', 0, 0, '2014-06-07'),
(1215, 3, 1, '01777', 0, 0, '2014-06-07'),
(1216, 3, 1, '01778', 0, 0, '2014-06-07'),
(1217, 3, 1, '01779', 0, 0, '2014-06-07'),
(1218, 3, 1, '01780', 0, 0, '2014-06-07'),
(1219, 3, 1, '01781', 0, 0, '2014-06-07'),
(1220, 3, 1, '01782', 0, 0, '2014-06-07'),
(1221, 3, 1, '01783', 0, 0, '2014-06-07'),
(1222, 3, 1, '01784', 0, 0, '2014-06-07'),
(1223, 3, 1, '01785', 0, 0, '2014-06-07'),
(1224, 3, 1, '01786', 0, 0, '2014-06-07'),
(1225, 3, 1, '01787', 0, 0, '2014-06-07'),
(1226, 3, 1, '01788', 0, 0, '2014-06-07'),
(1227, 3, 1, '01789', 0, 0, '2014-06-07'),
(1228, 3, 1, '01790', 0, 0, '2014-06-07'),
(1229, 3, 1, '01791', 0, 0, '2014-06-07'),
(1230, 3, 1, '01792', 0, 0, '2014-06-07'),
(1231, 3, 1, '01793', 0, 0, '2014-06-07'),
(1232, 3, 1, '01794', 0, 0, '2014-06-07'),
(1233, 3, 1, '01795', 0, 0, '2014-06-07'),
(1234, 3, 1, '01796', 0, 0, '2014-06-07'),
(1235, 3, 1, '01797', 0, 0, '2014-06-07'),
(1236, 3, 1, '01798', 0, 0, '2014-06-07'),
(1237, 3, 1, '01799', 0, 0, '2014-06-07'),
(1238, 3, 1, '01800', 0, 0, '2014-06-07'),
(1239, 3, 1, '01801', 0, 0, '2014-06-07'),
(1240, 3, 1, '01802', 0, 0, '2014-06-07'),
(1241, 3, 1, '01803', 0, 0, '2014-06-07'),
(1242, 3, 1, '01804', 0, 0, '2014-06-07'),
(1243, 3, 1, '01805', 0, 0, '2014-06-07'),
(1244, 3, 1, '01806', 0, 0, '2014-06-07'),
(1245, 3, 1, '01807', 0, 0, '2014-06-07'),
(1246, 3, 1, '01808', 0, 0, '2014-06-07'),
(1247, 3, 1, '01809', 0, 0, '2014-06-07'),
(1248, 3, 1, '01810', 0, 0, '2014-06-07'),
(1249, 3, 1, '01811', 0, 0, '2014-06-07'),
(1250, 3, 1, '01812', 0, 0, '2014-06-07'),
(1251, 3, 1, '01813', 0, 0, '2014-06-07'),
(1252, 3, 1, '01814', 0, 0, '2014-06-07'),
(1253, 3, 1, '01815', 0, 0, '2014-06-07'),
(1254, 3, 1, '01816', 0, 0, '2014-06-07'),
(1255, 3, 1, '01817', 0, 0, '2014-06-07'),
(1256, 3, 1, '01818', 0, 0, '2014-06-07'),
(1257, 3, 1, '01819', 0, 0, '2014-06-07'),
(1258, 3, 1, '01820', 0, 0, '2014-06-07'),
(1259, 3, 1, '01821', 0, 0, '2014-06-07'),
(1260, 3, 1, '01822', 0, 0, '2014-06-07'),
(1261, 3, 1, '01823', 0, 0, '2014-06-07'),
(1262, 3, 1, '01824', 0, 0, '2014-06-07'),
(1263, 3, 1, '01825', 0, 0, '2014-06-07'),
(1264, 3, 1, '01826', 0, 0, '2014-06-07'),
(1265, 3, 1, '01827', 0, 0, '2014-06-07'),
(1266, 3, 1, '01828', 0, 0, '2014-06-07'),
(1267, 3, 1, '01829', 0, 0, '2014-06-07'),
(1268, 3, 1, '01830', 0, 0, '2014-06-07'),
(1269, 3, 1, '01831', 0, 0, '2014-06-07'),
(1270, 3, 1, '01832', 0, 0, '2014-06-07'),
(1271, 3, 1, '01833', 0, 0, '2014-06-07'),
(1272, 3, 1, '01834', 0, 0, '2014-06-07'),
(1273, 3, 1, '01835', 0, 0, '2014-06-07'),
(1274, 3, 1, '01836', 0, 0, '2014-06-07'),
(1275, 3, 1, '01837', 0, 0, '2014-06-07'),
(1276, 3, 1, '01838', 0, 0, '2014-06-07'),
(1277, 3, 1, '01839', 0, 0, '2014-06-07'),
(1278, 3, 1, '01840', 0, 0, '2014-06-07'),
(1279, 3, 1, '01841', 0, 0, '2014-06-07'),
(1280, 3, 1, '01842', 0, 0, '2014-06-07'),
(1281, 3, 1, '01843', 0, 0, '2014-06-07'),
(1282, 3, 1, '01844', 0, 0, '2014-06-07'),
(1283, 3, 1, '01845', 0, 0, '2014-06-07'),
(1284, 3, 1, '01846', 0, 0, '2014-06-07'),
(1285, 3, 1, '01847', 0, 0, '2014-06-07'),
(1286, 3, 1, '01848', 0, 0, '2014-06-07'),
(1287, 3, 1, '01849', 0, 0, '2014-06-07'),
(1288, 3, 1, '01850', 0, 0, '2014-06-07'),
(1289, 3, 1, '01851', 0, 0, '2014-06-07'),
(1290, 3, 1, '01852', 0, 0, '2014-06-07'),
(1291, 3, 1, '01853', 0, 0, '2014-06-07'),
(1292, 3, 1, '01854', 0, 0, '2014-06-07'),
(1293, 3, 1, '01855', 0, 0, '2014-06-07'),
(1294, 3, 1, '01856', 0, 0, '2014-06-07'),
(1295, 3, 1, '01857', 0, 0, '2014-06-07'),
(1296, 3, 1, '01858', 0, 0, '2014-06-07'),
(1297, 3, 1, '01859', 0, 0, '2014-06-07'),
(1298, 3, 1, '01860', 0, 0, '2014-06-07'),
(1299, 3, 1, '01861', 0, 0, '2014-06-07'),
(1300, 3, 1, '01862', 0, 0, '2014-06-07'),
(1301, 3, 1, '01863', 0, 0, '2014-06-07'),
(1302, 3, 1, '01864', 0, 0, '2014-06-07'),
(1303, 3, 1, '01865', 0, 0, '2014-06-07'),
(1304, 3, 1, '01866', 0, 0, '2014-06-07'),
(1305, 3, 1, '01867', 0, 0, '2014-06-07'),
(1306, 3, 1, '01868', 0, 0, '2014-06-07'),
(1307, 3, 1, '01869', 0, 0, '2014-06-07'),
(1308, 3, 1, '01870', 0, 0, '2014-06-07'),
(1309, 3, 1, '01871', 0, 0, '2014-06-07'),
(1310, 3, 1, '01872', 0, 0, '2014-06-07'),
(1311, 3, 1, '01873', 0, 0, '2014-06-07'),
(1312, 3, 1, '01874', 0, 0, '2014-06-07'),
(1313, 3, 1, '01875', 0, 0, '2014-06-07'),
(1314, 3, 1, '01876', 0, 0, '2014-06-07'),
(1315, 3, 1, '01877', 0, 0, '2014-06-07'),
(1316, 3, 1, '01878', 0, 0, '2014-06-07'),
(1317, 3, 1, '01879', 0, 0, '2014-06-07'),
(1318, 3, 1, '01880', 0, 0, '2014-06-07'),
(1319, 3, 1, '01881', 0, 0, '2014-06-07'),
(1320, 3, 1, '01882', 0, 0, '2014-06-07'),
(1321, 3, 1, '01883', 0, 0, '2014-06-07'),
(1322, 3, 1, '01884', 0, 0, '2014-06-07'),
(1323, 3, 1, '01885', 0, 0, '2014-06-07'),
(1324, 3, 1, '01886', 0, 0, '2014-06-07'),
(1325, 3, 1, '01887', 0, 0, '2014-06-07'),
(1326, 3, 1, '01888', 0, 0, '2014-06-07'),
(1327, 3, 1, '01889', 0, 0, '2014-06-07'),
(1328, 3, 1, '01890', 0, 0, '2014-06-07'),
(1329, 3, 1, '01891', 0, 0, '2014-06-07'),
(1330, 3, 1, '01892', 0, 0, '2014-06-07'),
(1331, 3, 1, '01893', 0, 0, '2014-06-07'),
(1332, 3, 1, '01894', 0, 0, '2014-06-07'),
(1333, 3, 1, '01895', 0, 0, '2014-06-07'),
(1334, 3, 1, '01896', 0, 0, '2014-06-07'),
(1335, 3, 1, '01897', 0, 0, '2014-06-07'),
(1336, 3, 1, '01898', 0, 0, '2014-06-07'),
(1337, 3, 1, '01899', 0, 0, '2014-06-07'),
(1338, 3, 1, '01900', 0, 0, '2014-06-07'),
(1339, 3, 1, '01901', 0, 0, '2014-06-07'),
(1340, 3, 1, '01902', 0, 0, '2014-06-07'),
(1341, 3, 1, '01903', 0, 0, '2014-06-07'),
(1342, 3, 1, '01904', 0, 0, '2014-06-07'),
(1343, 3, 1, '01905', 0, 0, '2014-06-07'),
(1344, 3, 1, '01906', 0, 0, '2014-06-07'),
(1345, 3, 1, '01907', 0, 0, '2014-06-07'),
(1346, 3, 1, '01908', 0, 0, '2014-06-07'),
(1347, 3, 1, '01909', 0, 0, '2014-06-07'),
(1348, 3, 1, '01910', 0, 0, '2014-06-07'),
(1349, 3, 1, '01911', 0, 0, '2014-06-07'),
(1350, 3, 1, '01912', 0, 0, '2014-06-07'),
(1351, 3, 1, '01913', 0, 0, '2014-06-07'),
(1352, 3, 1, '01914', 0, 0, '2014-06-07'),
(1353, 3, 1, '01915', 0, 0, '2014-06-07'),
(1354, 3, 1, '01916', 0, 0, '2014-06-07'),
(1355, 3, 1, '01917', 0, 0, '2014-06-07'),
(1356, 3, 1, '01918', 0, 0, '2014-06-07'),
(1357, 3, 1, '01919', 0, 0, '2014-06-07'),
(1358, 3, 1, '01920', 0, 0, '2014-06-07'),
(1359, 3, 1, '01921', 0, 0, '2014-06-07');
INSERT INTO `ingresso` (`id`, `id_lote`, `status`, `codigo`, `duplicado`, `cortesia`, `data_cadastro`) VALUES
(1360, 3, 1, '01922', 0, 0, '2014-06-07'),
(1361, 3, 1, '01923', 0, 0, '2014-06-07'),
(1362, 3, 1, '01924', 0, 0, '2014-06-07'),
(1363, 3, 1, '01925', 0, 0, '2014-06-07'),
(1364, 3, 1, '01926', 0, 0, '2014-06-07'),
(1365, 3, 1, '01927', 0, 0, '2014-06-07'),
(1366, 3, 1, '01928', 0, 0, '2014-06-07'),
(1367, 3, 1, '01929', 0, 0, '2014-06-07'),
(1368, 3, 1, '01930', 0, 0, '2014-06-07'),
(1369, 3, 1, '01931', 0, 0, '2014-06-07'),
(1370, 3, 1, '01932', 0, 0, '2014-06-07'),
(1371, 3, 1, '01933', 0, 0, '2014-06-07'),
(1372, 3, 1, '01934', 0, 0, '2014-06-07'),
(1373, 3, 1, '01935', 0, 0, '2014-06-07'),
(1374, 3, 1, '01936', 0, 0, '2014-06-07'),
(1375, 3, 1, '01937', 0, 0, '2014-06-07'),
(1376, 3, 1, '01938', 0, 0, '2014-06-07'),
(1377, 3, 1, '01939', 0, 0, '2014-06-07'),
(1378, 3, 1, '01940', 0, 0, '2014-06-07'),
(1379, 3, 1, '01941', 0, 0, '2014-06-07'),
(1380, 3, 1, '01942', 0, 0, '2014-06-07'),
(1381, 3, 1, '01943', 0, 0, '2014-06-07'),
(1382, 3, 1, '01944', 0, 0, '2014-06-07'),
(1383, 3, 1, '01945', 0, 0, '2014-06-07'),
(1384, 3, 1, '01946', 0, 0, '2014-06-07'),
(1385, 3, 1, '01947', 0, 0, '2014-06-07'),
(1386, 3, 1, '01948', 0, 0, '2014-06-07'),
(1387, 3, 1, '01949', 0, 0, '2014-06-07'),
(1388, 3, 1, '01950', 0, 0, '2014-06-07'),
(1389, 3, 1, '01951', 0, 0, '2014-06-07'),
(1390, 3, 1, '01952', 0, 0, '2014-06-07'),
(1391, 3, 1, '01953', 0, 0, '2014-06-07'),
(1392, 3, 1, '01954', 0, 0, '2014-06-07'),
(1393, 3, 1, '01955', 0, 0, '2014-06-07'),
(1394, 3, 1, '01956', 0, 0, '2014-06-07'),
(1395, 3, 1, '01957', 0, 0, '2014-06-07'),
(1396, 3, 1, '01958', 0, 0, '2014-06-07'),
(1397, 3, 1, '01959', 0, 0, '2014-06-07'),
(1398, 3, 1, '01960', 0, 0, '2014-06-07'),
(1399, 3, 1, '01961', 0, 0, '2014-06-07'),
(1400, 3, 1, '01962', 0, 0, '2014-06-07'),
(1401, 3, 1, '01963', 0, 0, '2014-06-07'),
(1402, 3, 1, '01964', 0, 0, '2014-06-07'),
(1403, 3, 1, '01965', 0, 0, '2014-06-07'),
(1404, 3, 1, '01966', 0, 0, '2014-06-07'),
(1405, 3, 1, '01967', 0, 0, '2014-06-07'),
(1406, 3, 1, '01968', 0, 0, '2014-06-07'),
(1407, 3, 1, '01969', 0, 0, '2014-06-07'),
(1408, 3, 1, '01970', 0, 0, '2014-06-07'),
(1409, 3, 1, '01971', 0, 0, '2014-06-07'),
(1410, 3, 1, '01972', 0, 0, '2014-06-07'),
(1411, 3, 1, '01973', 0, 0, '2014-06-07'),
(1412, 3, 1, '01974', 0, 0, '2014-06-07'),
(1413, 3, 1, '01975', 0, 0, '2014-06-07'),
(1414, 3, 1, '01976', 0, 0, '2014-06-07'),
(1415, 3, 1, '01977', 0, 0, '2014-06-07'),
(1416, 3, 1, '01978', 0, 0, '2014-06-07'),
(1417, 3, 1, '01979', 0, 0, '2014-06-07'),
(1418, 3, 1, '01980', 0, 0, '2014-06-07'),
(1419, 3, 1, '01981', 0, 0, '2014-06-07'),
(1420, 3, 1, '01982', 0, 0, '2014-06-07'),
(1421, 3, 1, '01983', 0, 0, '2014-06-07'),
(1422, 3, 1, '01984', 0, 0, '2014-06-07'),
(1423, 3, 1, '01985', 0, 0, '2014-06-07'),
(1424, 3, 1, '01986', 0, 0, '2014-06-07'),
(1425, 3, 1, '01987', 0, 0, '2014-06-07'),
(1426, 3, 1, '01988', 0, 0, '2014-06-07'),
(1427, 3, 1, '01989', 0, 0, '2014-06-07'),
(1428, 3, 1, '01990', 0, 0, '2014-06-07'),
(1429, 3, 1, '01991', 0, 0, '2014-06-07'),
(1430, 3, 1, '01992', 0, 0, '2014-06-07'),
(1431, 3, 1, '01993', 0, 0, '2014-06-07'),
(1432, 3, 1, '01994', 0, 0, '2014-06-07'),
(1433, 3, 1, '01995', 0, 0, '2014-06-07'),
(1434, 3, 1, '01996', 0, 0, '2014-06-07'),
(1435, 3, 1, '01997', 0, 0, '2014-06-07'),
(1436, 3, 1, '01998', 0, 0, '2014-06-07'),
(1437, 3, 1, '01999', 0, 0, '2014-06-07'),
(1438, 3, 1, '02000', 0, 0, '2014-06-07'),
(1439, 3, 1, '02001', 0, 0, '2014-06-07'),
(1440, 3, 1, '02002', 0, 0, '2014-06-07'),
(1441, 3, 1, '02003', 0, 0, '2014-06-07'),
(1442, 3, 1, '02004', 0, 0, '2014-06-07'),
(1443, 3, 1, '02005', 0, 0, '2014-06-07'),
(1444, 3, 1, '02006', 0, 0, '2014-06-07'),
(1445, 3, 1, '02007', 0, 0, '2014-06-07'),
(1446, 3, 1, '02008', 0, 0, '2014-06-07'),
(1447, 3, 1, '02009', 0, 0, '2014-06-07'),
(1448, 3, 1, '02010', 0, 0, '2014-06-07'),
(1449, 3, 1, '02011', 0, 0, '2014-06-07'),
(1450, 3, 1, '02012', 0, 0, '2014-06-07'),
(1451, 3, 1, '02013', 0, 0, '2014-06-07'),
(1452, 3, 1, '02014', 0, 0, '2014-06-07'),
(1453, 3, 1, '02015', 0, 0, '2014-06-07'),
(1454, 3, 1, '02016', 0, 0, '2014-06-07'),
(1455, 3, 1, '02017', 0, 0, '2014-06-07'),
(1456, 3, 1, '02018', 0, 0, '2014-06-07'),
(1457, 3, 1, '02019', 0, 0, '2014-06-07'),
(1458, 3, 1, '02020', 0, 0, '2014-06-07'),
(1459, 3, 1, '02021', 0, 0, '2014-06-07'),
(1460, 3, 1, '02022', 0, 0, '2014-06-07'),
(1461, 3, 1, '02023', 0, 0, '2014-06-07'),
(1462, 3, 1, '02024', 0, 0, '2014-06-07'),
(1463, 3, 1, '02025', 0, 0, '2014-06-07'),
(1464, 3, 1, '02026', 0, 0, '2014-06-07'),
(1465, 3, 1, '02027', 0, 0, '2014-06-07'),
(1466, 3, 1, '02028', 0, 0, '2014-06-07'),
(1467, 3, 1, '02029', 0, 0, '2014-06-07'),
(1468, 3, 1, '02030', 0, 0, '2014-06-07'),
(1469, 3, 1, '02031', 0, 0, '2014-06-07'),
(1470, 3, 1, '02032', 0, 0, '2014-06-07'),
(1471, 3, 1, '02033', 0, 0, '2014-06-07'),
(1472, 3, 1, '02034', 0, 0, '2014-06-07'),
(1473, 3, 1, '02035', 0, 0, '2014-06-07'),
(1474, 3, 1, '02036', 0, 0, '2014-06-07'),
(1475, 3, 1, '02037', 0, 0, '2014-06-07'),
(1476, 3, 1, '02038', 0, 0, '2014-06-07'),
(1477, 3, 1, '02039', 0, 0, '2014-06-07'),
(1478, 3, 1, '02040', 0, 0, '2014-06-07'),
(1479, 3, 1, '02041', 0, 0, '2014-06-07'),
(1480, 3, 1, '02042', 0, 0, '2014-06-07'),
(1481, 3, 1, '02043', 0, 0, '2014-06-07'),
(1482, 3, 1, '02044', 0, 0, '2014-06-07'),
(1483, 3, 1, '02045', 0, 0, '2014-06-07'),
(1484, 3, 1, '02046', 0, 0, '2014-06-07'),
(1485, 3, 1, '02047', 0, 0, '2014-06-07'),
(1486, 3, 1, '02048', 0, 0, '2014-06-07'),
(1487, 3, 1, '02049', 0, 0, '2014-06-07'),
(1488, 3, 1, '02050', 0, 0, '2014-06-07'),
(1489, 3, 1, '02051', 0, 0, '2014-06-07'),
(1490, 3, 1, '02052', 0, 0, '2014-06-07'),
(1491, 3, 1, '02053', 0, 0, '2014-06-07'),
(1492, 3, 1, '02054', 0, 0, '2014-06-07'),
(1493, 3, 1, '02055', 0, 0, '2014-06-07'),
(1494, 3, 1, '02056', 0, 0, '2014-06-07'),
(1495, 3, 1, '02057', 0, 0, '2014-06-07'),
(1496, 3, 1, '02058', 0, 0, '2014-06-07'),
(1497, 3, 1, '02059', 0, 0, '2014-06-07'),
(1498, 3, 1, '02060', 0, 0, '2014-06-07'),
(1499, 3, 1, '02061', 0, 0, '2014-06-07'),
(1500, 3, 1, '02062', 0, 0, '2014-06-07'),
(1501, 3, 1, '02063', 0, 0, '2014-06-07'),
(1502, 3, 1, '02064', 0, 0, '2014-06-07'),
(1503, 3, 1, '02065', 0, 0, '2014-06-07'),
(1504, 3, 1, '02066', 0, 0, '2014-06-07'),
(1505, 3, 1, '02067', 0, 0, '2014-06-07'),
(1506, 3, 1, '02068', 0, 0, '2014-06-07'),
(1507, 3, 1, '02069', 0, 0, '2014-06-07'),
(1508, 3, 1, '02070', 0, 0, '2014-06-07'),
(1509, 3, 1, '02071', 0, 0, '2014-06-07'),
(1510, 3, 1, '02072', 0, 0, '2014-06-07'),
(1511, 3, 1, '02073', 0, 0, '2014-06-07'),
(1512, 3, 1, '02074', 0, 0, '2014-06-07'),
(1513, 3, 1, '02075', 0, 0, '2014-06-07'),
(2571, 10, 2, '00010', 0, 0, '2014-06-07'),
(2570, 10, 2, '00009', 0, 0, '2014-06-07'),
(2569, 10, 0, '00008', 0, 0, '2014-06-07'),
(2568, 10, 0, '00007', 0, 0, '2014-06-07'),
(2567, 10, 0, '00006', 0, 0, '2014-06-07'),
(2566, 10, 0, '00005', 0, 0, '2014-06-07'),
(2565, 10, 0, '00004', 0, 0, '2014-06-07'),
(2564, 10, 0, '00003', 0, 0, '2014-06-07'),
(2563, 10, 0, '00002', 0, 0, '2014-06-07'),
(2562, 10, 0, '00001', 0, 0, '2014-06-07'),
(2561, 9, 1, '01015', 0, 0, '2014-06-07'),
(2560, 9, 1, '01014', 0, 0, '2014-06-07'),
(2559, 9, 1, '01013', 0, 0, '2014-06-07'),
(2558, 9, 1, '01012', 0, 0, '2014-06-07'),
(2557, 9, 1, '01011', 0, 0, '2014-06-07'),
(2556, 9, 1, '01010', 0, 0, '2014-06-07'),
(2555, 9, 1, '01009', 0, 0, '2014-06-07'),
(2554, 9, 1, '01008', 0, 0, '2014-06-07'),
(2553, 9, 1, '01007', 0, 0, '2014-06-07'),
(2552, 9, 1, '01006', 0, 0, '2014-06-07'),
(2551, 9, 1, '01005', 0, 0, '2014-06-07'),
(2550, 9, 1, '01004', 0, 0, '2014-06-07'),
(2549, 9, 1, '01003', 0, 0, '2014-06-07'),
(2548, 9, 1, '01002', 0, 0, '2014-06-07'),
(2547, 9, 1, '01001', 0, 0, '2014-06-07'),
(2546, 9, 1, '01000', 0, 0, '2014-06-07'),
(2545, 9, 1, '00999', 0, 0, '2014-06-07'),
(2544, 9, 1, '00998', 0, 0, '2014-06-07'),
(2543, 9, 1, '00997', 0, 0, '2014-06-07'),
(2542, 9, 1, '00996', 0, 0, '2014-06-07'),
(2541, 9, 1, '00995', 0, 0, '2014-06-07'),
(2540, 9, 1, '00994', 0, 0, '2014-06-07'),
(2539, 9, 1, '00993', 0, 0, '2014-06-07'),
(2538, 9, 1, '00992', 0, 0, '2014-06-07'),
(2537, 9, 1, '00991', 0, 0, '2014-06-07'),
(2536, 9, 1, '00990', 0, 0, '2014-06-07'),
(2535, 9, 1, '00989', 0, 0, '2014-06-07'),
(2534, 9, 1, '00988', 0, 0, '2014-06-07'),
(2533, 9, 1, '00987', 0, 0, '2014-06-07'),
(2532, 9, 1, '00986', 0, 0, '2014-06-07'),
(2531, 9, 1, '00985', 0, 0, '2014-06-07'),
(2530, 9, 1, '00984', 0, 0, '2014-06-07'),
(2529, 9, 1, '00983', 0, 0, '2014-06-07'),
(2528, 9, 1, '00982', 0, 0, '2014-06-07'),
(2527, 9, 1, '00981', 0, 0, '2014-06-07'),
(2526, 9, 1, '00980', 0, 0, '2014-06-07'),
(2525, 9, 1, '00979', 0, 0, '2014-06-07'),
(2524, 9, 1, '00978', 0, 0, '2014-06-07'),
(2523, 9, 1, '00977', 0, 0, '2014-06-07'),
(2522, 9, 1, '00976', 0, 0, '2014-06-07'),
(2521, 9, 1, '00975', 0, 0, '2014-06-07'),
(2520, 9, 1, '00974', 0, 0, '2014-06-07'),
(2519, 9, 1, '00973', 0, 0, '2014-06-07'),
(2518, 9, 1, '00972', 0, 0, '2014-06-07'),
(2517, 9, 1, '00971', 0, 0, '2014-06-07'),
(2516, 9, 2, '00970', 2, 0, '2014-06-07'),
(2515, 9, 2, '00969', 4, 0, '2014-06-07');

-- --------------------------------------------------------

--
-- Estrutura da tabela `lote`
--

CREATE TABLE IF NOT EXISTS `lote` (
  `id` int(11) NOT NULL AUTO_INCREMENT,
  `id_evento` int(11) NOT NULL,
  `nome` varchar(64) NOT NULL,
  `preco` double NOT NULL,
  PRIMARY KEY (`id`)
) ENGINE=MyISAM  DEFAULT CHARSET=latin1 AUTO_INCREMENT=11 ;

--
-- Extraindo dados da tabela `lote`
--

INSERT INTO `lote` (`id`, `id_evento`, `nome`, `preco`) VALUES
(1, 1, 'Lote 1', 15),
(2, 1, 'Lote 2', 20),
(3, 1, 'Bilheteria', 25),
(9, 2, 'teste', 10),
(10, 2, 'teste2', 100);

-- --------------------------------------------------------

--
-- Estrutura da tabela `menu`
--

CREATE TABLE IF NOT EXISTS `menu` (
  `id` int(11) NOT NULL AUTO_INCREMENT,
  `text` varchar(64) NOT NULL,
  `leaf` varchar(8) NOT NULL,
  `expanded` tinyint(1) NOT NULL,
  `controllername` varchar(64) DEFAULT NULL,
  `xtypeClass` varchar(64) DEFAULT NULL,
  `parent` int(11) DEFAULT NULL,
  `permissao` int(11) NOT NULL,
  PRIMARY KEY (`id`)
) ENGINE=MyISAM  DEFAULT CHARSET=latin1 AUTO_INCREMENT=10 ;

--
-- Extraindo dados da tabela `menu`
--

INSERT INTO `menu` (`id`, `text`, `leaf`, `expanded`, `controllername`, `xtypeClass`, `parent`, `permissao`) VALUES
(1, 'Evento', 'false', 1, NULL, NULL, 0, 1),
(3, 'Criar Evento', 'true', 0, '', 'CadEvento', 1, 1),
(4, 'Entrada', 'true', 0, NULL, 'Entrada', 8, 1),
(5, 'Relatorios', 'false', 1, NULL, NULL, 0, 1),
(8, 'Guiche', 'false', 1, NULL, NULL, 0, 1),
(9, 'Completo', 'true', 0, NULL, 'relatorio', 5, 1);

-- --------------------------------------------------------

--
-- Estrutura da tabela `permissao`
--

CREATE TABLE IF NOT EXISTS `permissao` (
  `id` int(11) NOT NULL AUTO_INCREMENT,
  `nome` varchar(64) NOT NULL,
  PRIMARY KEY (`id`)
) ENGINE=MyISAM  DEFAULT CHARSET=latin1 AUTO_INCREMENT=2 ;

--
-- Extraindo dados da tabela `permissao`
--

INSERT INTO `permissao` (`id`, `nome`) VALUES
(1, 'Admin');

-- --------------------------------------------------------

--
-- Estrutura da tabela `usuario`
--

CREATE TABLE IF NOT EXISTS `usuario` (
  `id` int(11) NOT NULL AUTO_INCREMENT,
  `nome` varchar(128) NOT NULL,
  `cpf` varchar(64) NOT NULL,
  `data_cadastro` date NOT NULL,
  `login` varchar(64) NOT NULL,
  `senha` varchar(128) NOT NULL,
  `permissao` int(11) NOT NULL,
  PRIMARY KEY (`id`)
) ENGINE=MyISAM  DEFAULT CHARSET=latin1 AUTO_INCREMENT=3 ;

--
-- Extraindo dados da tabela `usuario`
--

INSERT INTO `usuario` (`id`, `nome`, `cpf`, `data_cadastro`, `login`, `senha`, `permissao`) VALUES
(1, 'admin', '', '2014-06-07', 'admin', '21232f297a57a5a743894a0e4a801fc3', 1);

/*!40101 SET CHARACTER_SET_CLIENT=@OLD_CHARACTER_SET_CLIENT */;
/*!40101 SET CHARACTER_SET_RESULTS=@OLD_CHARACTER_SET_RESULTS */;
/*!40101 SET COLLATION_CONNECTION=@OLD_COLLATION_CONNECTION */;
